ctime,schemaname,relname,seq_scan,seq_tup_read,idx_scan,idx_tup_fetch,n_tup_ins,n_tup_upd,n_tup_del,n_tup_hot_upd,n_live_tup,n_dead_tup,heap_blks_read,heap_blks_hit,idx_blks_read,idx_blks_hit,toast_blks_read,toast_blks_hit,tidx_blks_read,tidx_blks_hit
1416293501.56097,public,part,0,0,,,0,0,0,0,0,0,0,0,,,,,,
1416293501.56097,pg_catalog,pg_auth_members,0,0,0,0,0,0,0,0,0,0,0,0,0,0,,,,
1416293501.56097,pg_catalog,pg_operator,0,0,333439,1490347,0,0,0,0,0,0,61772,1005761,46920,697395,,,,
1416293501.56097,pg_catalog,pg_aggregate,0,0,22559,22559,0,0,0,0,0,0,4758,17801,9600,30470,,,,
1416293501.56097,pg_catalog,pg_pltemplate,0,0,0,0,0,0,0,0,0,0,0,0,0,0,,,,
1416293501.56097,pg_toast,pg_toast_12188,0,0,0,0,0,0,0,0,0,0,0,0,0,0,,,,
1416293501.56097,pg_catalog,pg_description,0,0,5593,0,0,0,0,0,0,0,0,0,1969,10443,0,0,0,0
1416293501.56097,pg_catalog,pg_language,0,0,0,0,0,0,0,0,0,0,0,0,0,0,,,,
1416293501.56097,pg_catalog,pg_ts_parser,0,0,0,0,0,0,0,0,0,0,0,0,0,0,,,,
1416293501.56097,pg_catalog,pg_shseclabel,0,0,0,0,0,0,0,0,0,0,0,0,0,0,,,,
1416293501.56097,pg_catalog,pg_foreign_table,0,0,0,0,0,0,0,0,0,0,0,0,0,0,,,,
1416293501.56097,information_schema,sql_packages,0,0,,,0,0,0,0,0,0,0,0,,,0,0,0,0
1416293501.56097,information_schema,sql_parts,0,0,,,0,0,0,0,0,0,0,0,,,0,0,0,0
1416293501.56097,pg_catalog,pg_attrdef,0,0,0,0,0,0,0,0,0,0,0,0,0,0,0,0,0,0
1416293501.56097,pg_catalog,pg_ts_template,0,0,0,0,0,0,0,0,0,0,0,0,0,0,,,,
1416293501.56097,pg_catalog,pg_foreign_server,0,0,0,0,0,0,0,0,0,0,0,0,0,0,,,,
1416293501.56097,pg_catalog,pg_default_acl,0,0,4944,0,0,0,0,0,0,0,0,0,564,4380,,,,
1416293501.56097,pg_toast,pg_toast_12198,0,0,0,0,0,0,0,0,0,0,0,0,0,0,,,,
1416293501.56097,pg_toast,pg_toast_12208,0,0,0,0,0,0,0,0,0,0,0,0,0,0,,,,
1416293501.56097,pg_catalog,pg_attribute,4367,28981,1264617,2532990,8942,280,8808,244,2381,658,102136,1261220,45607,2581505,,,,
1416293501.56097,public,lineitem,0,0,,,0,0,0,0,0,0,0,0,,,,,,
1416293501.56097,pg_catalog,pg_statistic,0,0,300124,243203,1981,5050,1981,4527,384,180,44537,213512,21408,625232,20362,94015,2222,140204
1416293501.56097,pg_toast,pg_toast_12203,0,0,0,0,0,0,0,0,0,0,0,0,0,0,,,,
1416293501.56097,pg_toast,pg_toast_2618,0,0,14662,47609,0,0,0,0,0,0,10638,14978,4086,17992,,,,
1416293501.56097,pg_toast,pg_toast_3596,0,0,0,0,0,0,0,0,0,0,0,0,0,0,,,,
1416293501.56097,public,nation,0,0,,,0,0,0,0,0,0,0,0,,,,,,
1416293501.56097,pg_catalog,pg_depend,0,0,51752,55721,9487,0,9458,0,5572,116,9449,65644,15879,131840,,,,
1416293501.56097,public,supplier,0,0,,,0,0,0,0,0,0,0,0,,,,,,
1416293501.56097,information_schema,sql_languages,0,0,,,0,0,0,0,0,0,0,0,,,0,0,0,0
1416293501.56097,public,region,0,0,,,0,0,0,0,0,0,0,0,,,,,,
1416293501.56097,pg_catalog,pg_opclass,794,794,268876,2908356,0,0,0,0,0,0,13347,1004803,26360,321703,,,,
1416293501.56097,pg_catalog,pg_proc,0,0,542673,799263,0,0,0,0,0,0,79096,540260,72354,1131852,0,0,0,0
1416293501.56097,information_schema,sql_implementation_info,0,0,,,0,0,0,0,0,0,0,0,,,0,0,0,0
1416293501.56097,pg_catalog,pg_trigger,0,0,0,0,0,0,0,0,0,0,0,0,0,0,0,0,0,0
1416293501.56097,pg_catalog,pg_am,55679,55679,0,0,0,0,0,0,0,0,7819,47860,0,0,,,,
1416293501.56097,pg_catalog,pg_largeobject_metadata,0,0,0,0,0,0,0,0,0,0,0,0,0,0,,,,
1416293501.56097,pg_catalog,pg_ts_config_map,0,0,0,0,0,0,0,0,0,0,0,0,0,0,,,,
1416293501.56097,pg_catalog,pg_type,0,0,1097360,1088359,2442,0,2423,0,349,138,24962,1074219,31541,2215679,,,,
1416293501.56097,pg_catalog,pg_shdepend,0,0,6871,1277,0,0,0,0,0,0,595,682,2533,6802,,,,
1416293501.56097,information_schema,sql_sizing,0,0,,,0,0,0,0,0,0,0,0,,,0,0,0,0
1416293501.56097,pg_catalog,pg_conversion,0,0,0,0,0,0,0,0,0,0,0,0,0,0,,,,
1416293501.56097,pg_catalog,pg_foreign_data_wrapper,0,0,0,0,0,0,0,0,0,0,0,0,0,0,,,,
1416293501.56097,pg_catalog,pg_opfamily,0,0,0,0,0,0,0,0,0,0,0,0,0,0,,,,
1416293501.56097,pg_catalog,pg_shdescription,0,0,0,0,0,0,0,0,0,0,0,0,0,0,0,0,0,0
1416293501.56097,pg_catalog,pg_tablespace,2,4,40534,40534,0,0,0,0,0,0,6226,34310,12486,68582,,,,
1416293501.56097,pg_catalog,pg_inherits,0,0,1226,0,0,0,0,0,0,0,0,0,605,621,,,,
1416293501.56097,pg_toast,pg_toast_2606,0,0,0,0,0,0,0,0,0,0,0,0,0,0,,,,
1416293501.56097,pg_toast,pg_toast_2964,0,0,0,0,0,0,0,0,0,0,0,0,0,0,,,,
1416293501.56097,pg_catalog,pg_database,10372,40828,228209,228207,1,0,0,0,1,0,8160,230420,36883,307170,,,,
1416293501.56097,pg_toast,pg_toast_2620,0,0,0,0,0,0,0,0,0,0,0,0,0,0,,,,
1416293501.56097,pg_toast,pg_toast_12213,0,0,0,0,0,0,0,0,0,0,0,0,0,0,,,,
1416293501.56097,pg_catalog,pg_amproc,794,1588,206717,307314,0,0,0,0,0,0,9924,193920,26704,441322,,,,
1416293501.56097,public,partsupp,0,0,,,0,0,0,0,0,0,0,0,,,,,,
1416293501.56097,pg_catalog,pg_collation,0,0,0,0,0,0,0,0,0,0,0,0,0,0,,,,
1416293501.56097,pg_catalog,pg_constraint,0,0,448,224,224,0,224,0,2,56,126,1259,228,2248,0,0,0,0
1416293501.56097,pg_catalog,pg_range,0,0,8666,0,0,0,0,0,0,0,0,0,7473,9859,,,,
1416293501.56097,pg_catalog,pg_user_mapping,0,0,0,0,0,0,0,0,0,0,0,0,0,0,,,,
1416293501.56097,pg_catalog,pg_largeobject,0,0,0,0,0,0,0,0,0,0,0,0,0,0,,,,
1416293501.56097,pg_catalog,pg_namespace,7695,226480,607941,556729,40,0,0,0,40,0,6817,557708,18242,648159,,,,
1416293501.56097,pg_catalog,pg_authid,3843,3843,103020,103020,0,0,0,0,0,0,7005,99858,26066,179974,,,,
1416293501.56097,public,time_statistics,0,0,,,1,0,0,0,1,0,1,0,,,,,,
1416293501.56097,pg_toast,pg_toast_12193,0,0,0,0,0,0,0,0,0,0,0,0,0,0,,,,
1416293501.56097,pg_catalog,pg_index,17356,2001184,464097,663254,1087,0,1087,0,110,39,30277,661701,28532,526821,,,,
1416293501.56097,pg_catalog,pg_ts_dict,0,0,0,0,0,0,0,0,0,0,0,0,0,0,,,,
1416293501.56097,information_schema,sql_features,0,0,,,0,0,0,0,0,0,0,0,,,0,0,0,0
1416293501.56097,pg_catalog,pg_class,43331,10713550,1847660,1776307,2323,633,2313,613,298,65,74523,2124409,61085,3733446,,,,
1416293501.56097,pg_toast,pg_toast_12183,0,0,0,0,0,0,0,0,0,0,0,0,0,0,,,,
1416293501.56097,information_schema,sql_sizing_profiles,0,0,,,0,0,0,0,0,0,0,0,,,0,0,0,0
1416293501.56097,pg_toast,pg_toast_2396,0,0,0,0,0,0,0,0,0,0,0,0,0,0,,,,
1416293501.56097,pg_catalog,pg_enum,0,0,0,0,0,0,0,0,0,0,0,0,0,0,,,,
1416293501.56097,pg_catalog,pg_db_role_setting,0,0,173928,0,0,0,0,0,0,0,0,0,8026,165902,0,0,0,0
1416293501.56097,public,customer,0,0,,,0,0,0,0,0,0,0,0,,,,,,
1416293501.56097,pg_catalog,pg_seclabel,0,0,5593,0,0,0,0,0,0,0,0,0,613,4980,0,0,0,0
1416293501.56097,pg_toast,pg_toast_2609,0,0,0,0,0,0,0,0,0,0,0,0,0,0,,,,
1416293501.56097,pg_toast,pg_toast_1255,0,0,0,0,0,0,0,0,0,0,0,0,0,0,,,,
1416293501.56097,pg_catalog,pg_rewrite,0,0,29329,27430,633,0,633,0,106,22,13034,19501,5573,44605,10638,14978,4086,17992
1416293501.56097,pg_catalog,pg_ts_config,0,0,0,0,0,0,0,0,0,0,0,0,0,0,,,,
1416293501.56097,pg_catalog,pg_extension,0,0,0,0,0,0,0,0,0,0,0,0,0,0,,,,
1416293501.56097,pg_catalog,pg_amop,0,0,426208,599632,0,0,0,0,0,0,20913,578719,35751,883295,,,,
1416293501.56097,pg_catalog,pg_cast,0,0,1398610,375373,0,0,0,0,0,0,9106,366267,11545,1436931,,,,
1416293501.56097,pg_toast,pg_toast_2619,0,0,70158,231020,2951,0,2940,0,27,280,20362,94015,2222,140204,,,,
1416293501.56097,pg_toast,pg_toast_2604,0,0,0,0,0,0,0,0,0,0,0,0,0,0,,,,
1416293501.56097,public,orders,0,0,,,0,0,0,0,0,0,0,0,,,,,,
1416293561.56288,public,part,6,12000000,0,0,2000000,0,0,0,2000000,0,79007,327715,0,0,,,,
1416293561.56288,pg_catalog,pg_auth_members,0,0,0,0,0,0,0,0,0,0,0,0,0,0,,,,
1416293561.56288,pg_catalog,pg_operator,0,0,333514,1490476,0,0,0,0,0,0,61783,1005861,46921,697572,,,,
1416293561.56288,pg_catalog,pg_aggregate,0,0,22561,22561,0,0,0,0,0,0,4759,17802,9602,30472,,,,
1416293561.56288,pg_catalog,pg_pltemplate,0,0,0,0,0,0,0,0,0,0,0,0,0,0,,,,
1416293561.56288,pg_toast,pg_toast_12188,0,0,0,0,0,0,0,0,0,0,0,0,0,0,,,,
1416293561.56288,pg_catalog,pg_description,0,0,5593,0,0,0,0,0,0,0,0,0,1969,10443,0,0,0,0
1416293561.56288,pg_catalog,pg_language,0,0,0,0,0,0,0,0,0,0,0,0,0,0,,,,
1416293561.56288,pg_catalog,pg_ts_parser,0,0,0,0,0,0,0,0,0,0,0,0,0,0,,,,
1416293561.56288,pg_catalog,pg_shseclabel,0,0,0,0,0,0,0,0,0,0,0,0,0,0,,,,
1416293561.56288,pg_catalog,pg_foreign_table,0,0,0,0,0,0,0,0,0,0,0,0,0,0,,,,
1416293561.56288,information_schema,sql_packages,0,0,,,0,0,0,0,0,0,0,0,,,0,0,0,0
1416293561.56288,information_schema,sql_parts,0,0,,,0,0,0,0,0,0,0,0,,,0,0,0,0
1416293561.56288,pg_catalog,pg_attrdef,0,0,0,0,0,0,0,0,0,0,0,0,0,0,0,0,0,0
1416293561.56288,pg_catalog,pg_ts_template,0,0,0,0,0,0,0,0,0,0,0,0,0,0,,,,
1416293561.56288,pg_catalog,pg_foreign_server,0,0,0,0,0,0,0,0,0,0,0,0,0,0,,,,
1416293561.56288,pg_catalog,pg_default_acl,0,0,4944,0,0,0,0,0,0,0,0,0,564,4380,,,,
1416293561.56288,pg_toast,pg_toast_12198,0,0,0,0,0,0,0,0,0,0,0,0,0,0,,,,
1416293561.56288,pg_toast,pg_toast_12208,0,0,0,0,0,0,0,0,0,0,0,0,0,0,,,,
1416293561.56288,pg_catalog,pg_attribute,4378,29054,1265504,2535044,8967,287,8808,251,2406,7,102158,1262436,45635,2583493,,,,
1416293561.56288,public,lineitem,0,0,,,0,0,0,0,0,0,0,0,,,,,,
1416293561.56288,pg_catalog,pg_statistic,0,0,300307,243336,2019,5145,1981,4622,422,95,44569,213890,21408,625695,20394,94559,2227,140648
1416293561.56288,pg_toast,pg_toast_12203,0,0,0,0,0,0,0,0,0,0,0,0,0,0,,,,
1416293561.56288,pg_toast,pg_toast_2618,0,0,14670,47635,0,0,0,0,0,0,10643,14987,4086,18004,,,,
1416293561.56288,pg_toast,pg_toast_3596,0,0,0,0,0,0,0,0,0,0,0,0,0,0,,,,
1416293561.56288,public,nation,2,50,0,0,25,0,0,0,25,0,1,3,0,0,,,,
1416293561.56288,pg_catalog,pg_depend,0,0,51822,55785,9521,0,9458,0,5606,116,9454,65788,15883,132146,,,,
1416293561.56288,public,supplier,4,400000,0,0,100000,0,0,0,100000,0,2312,15648,0,0,,,,
1416293561.56288,information_schema,sql_languages,0,0,,,0,0,0,0,0,0,0,0,,,0,0,0,0
1416293561.56288,public,region,2,10,0,0,5,0,0,0,5,0,1,3,0,0,,,,
1416293561.56288,pg_catalog,pg_opclass,796,796,269117,2911733,0,0,0,0,0,0,13347,1005720,26360,322016,,,,
1416293561.56288,pg_catalog,pg_proc,0,0,542839,799505,0,0,0,0,0,0,79110,540448,72360,1132215,0,0,0,0
1416293561.56288,information_schema,sql_implementation_info,0,0,,,0,0,0,0,0,0,0,0,,,0,0,0,0
1416293561.56288,pg_catalog,pg_trigger,0,0,0,0,0,0,0,0,0,0,0,0,0,0,0,0,0,0
1416293561.56288,pg_catalog,pg_am,55738,55738,0,0,0,0,0,0,0,0,7819,47919,0,0,,,,
1416293561.56288,pg_catalog,pg_largeobject_metadata,0,0,0,0,0,0,0,0,0,0,0,0,0,0,,,,
1416293561.56288,pg_catalog,pg_ts_config_map,0,0,0,0,0,0,0,0,0,0,0,0,0,0,,,,
1416293561.56288,pg_catalog,pg_type,0,0,1097679,1088678,2442,0,2423,0,349,0,24967,1074572,31541,2216366,,,,
1416293561.56288,pg_catalog,pg_shdepend,0,0,6871,1277,0,0,0,0,0,0,595,682,2533,6802,,,,
1416293561.56288,information_schema,sql_sizing,0,0,,,0,0,0,0,0,0,0,0,,,0,0,0,0
1416293561.56288,pg_catalog,pg_conversion,0,0,0,0,0,0,0,0,0,0,0,0,0,0,,,,
1416293561.56288,pg_catalog,pg_foreign_data_wrapper,0,0,0,0,0,0,0,0,0,0,0,0,0,0,,,,
1416293561.56288,pg_catalog,pg_opfamily,0,0,0,0,0,0,0,0,0,0,0,0,0,0,,,,
1416293561.56288,pg_catalog,pg_shdescription,0,0,0,0,0,0,0,0,0,0,0,0,0,0,0,0,0,0
1416293561.56288,pg_catalog,pg_tablespace,2,4,40544,40544,0,0,0,0,0,0,6226,34320,12486,68602,,,,
1416293561.56288,pg_catalog,pg_inherits,0,0,1226,0,0,0,0,0,0,0,0,0,605,621,,,,
1416293561.56288,pg_toast,pg_toast_2606,0,0,0,0,0,0,0,0,0,0,0,0,0,0,,,,
1416293561.56288,pg_toast,pg_toast_2964,0,0,0,0,0,0,0,0,0,0,0,0,0,0,,,,
1416293561.56288,pg_catalog,pg_database,10376,40844,228354,228352,1,0,0,0,1,0,8160,230569,36883,307401,,,,
1416293561.56288,pg_toast,pg_toast_2620,0,0,0,0,0,0,0,0,0,0,0,0,0,0,,,,
1416293561.56288,pg_toast,pg_toast_12213,0,0,0,0,0,0,0,0,0,0,0,0,0,0,,,,
1416293561.56288,pg_catalog,pg_amproc,796,1592,206880,307544,0,0,0,0,0,0,9924,194073,26704,441690,,,,
1416293561.56288,public,partsupp,3,24000000,0,0,8000000,0,0,0,8000000,0,340611,954509,0,0,,,,
1416293561.56288,pg_catalog,pg_collation,0,0,0,0,0,0,0,0,0,0,0,0,0,0,,,,
1416293561.56288,pg_catalog,pg_constraint,0,0,454,224,230,0,224,0,8,0,130,1287,234,2300,0,0,0,0
1416293561.56288,pg_catalog,pg_range,0,0,8666,0,0,0,0,0,0,0,0,0,7473,9859,,,,
1416293561.56288,pg_catalog,pg_user_mapping,0,0,0,0,0,0,0,0,0,0,0,0,0,0,,,,
1416293561.56288,pg_catalog,pg_largeobject,0,0,0,0,0,0,0,0,0,0,0,0,0,0,,,,
1416293561.56288,pg_catalog,pg_namespace,7699,226664,608267,557016,40,0,0,0,40,0,6817,557999,18242,648527,,,,
1416293561.56288,pg_catalog,pg_authid,3845,3845,103103,103103,0,0,0,0,0,0,7005,99943,26066,180140,,,,
1416293561.56288,public,time_statistics,0,0,,,1,0,0,0,1,0,1,0,,,,,,
1416293561.56288,pg_toast,pg_toast_12193,0,0,0,0,0,0,0,0,0,0,0,0,0,0,,,,
1416293561.56288,pg_catalog,pg_index,17371,2002131,464469,663751,1104,0,1087,0,127,39,30281,662231,28532,527306,,,,
1416293561.56288,pg_catalog,pg_ts_dict,0,0,0,0,0,0,0,0,0,0,0,0,0,0,,,,
1416293561.56288,information_schema,sql_features,0,0,,,0,0,0,0,0,0,0,0,,,0,0,0,0
1416293561.56288,pg_catalog,pg_class,43364,10718547,1848808,1777392,2340,633,2313,613,315,61,74524,2125885,61085,3735897,,,,
1416293561.56288,pg_toast,pg_toast_12183,0,0,0,0,0,0,0,0,0,0,0,0,0,0,,,,
1416293561.56288,information_schema,sql_sizing_profiles,0,0,,,0,0,0,0,0,0,0,0,,,0,0,0,0
1416293561.56288,pg_toast,pg_toast_2396,0,0,0,0,0,0,0,0,0,0,0,0,0,0,,,,
1416293561.56288,pg_catalog,pg_enum,0,0,0,0,0,0,0,0,0,0,0,0,0,0,,,,
1416293561.56288,pg_catalog,pg_db_role_setting,0,0,174057,0,0,0,0,0,0,0,0,0,8026,166031,0,0,0,0
1416293561.56288,public,customer,6,9000000,0,0,1500000,0,0,0,1500000,0,68533,294857,0,0,,,,
1416293561.56288,pg_catalog,pg_seclabel,0,0,5593,0,0,0,0,0,0,0,0,0,613,4980,0,0,0,0
1416293561.56288,pg_toast,pg_toast_2609,0,0,0,0,0,0,0,0,0,0,0,0,0,0,,,,
1416293561.56288,pg_toast,pg_toast_1255,0,0,0,0,0,0,0,0,0,0,0,0,0,0,,,,
1416293561.56288,pg_catalog,pg_rewrite,0,0,29343,27444,633,0,633,0,106,22,13039,19510,5573,44629,10643,14987,4086,18004
1416293561.56288,pg_catalog,pg_ts_config,0,0,0,0,0,0,0,0,0,0,0,0,0,0,,,,
1416293561.56288,pg_catalog,pg_extension,0,0,0,0,0,0,0,0,0,0,0,0,0,0,,,,
1416293561.56288,pg_catalog,pg_amop,0,0,426402,599849,0,0,0,0,0,0,20915,578934,35752,883712,,,,
1416293561.56288,pg_catalog,pg_cast,0,0,1399869,375642,0,0,0,0,0,0,9106,366536,11545,1438224,,,,
1416293561.56288,pg_toast,pg_toast_2619,0,0,70204,231048,3120,0,2948,0,190,8,20394,94559,2227,140648,,,,
1416293561.56288,pg_toast,pg_toast_2604,0,0,0,0,0,0,0,0,0,0,0,0,0,0,,,,
1416293561.56288,public,orders,0,0,,,0,0,0,0,0,0,0,0,,,,,,
1416293621.56514,public,part,6,12000000,0,0,2000000,0,0,0,2000000,0,79007,327715,0,0,,,,
1416293621.56514,pg_catalog,pg_auth_members,0,0,0,0,0,0,0,0,0,0,0,0,0,0,,,,
1416293621.56514,pg_catalog,pg_operator,0,0,333553,1490515,0,0,0,0,0,0,61783,1005900,46921,697667,,,,
1416293621.56514,pg_catalog,pg_aggregate,0,0,22563,22563,0,0,0,0,0,0,4759,17804,9602,30476,,,,
1416293621.56514,pg_catalog,pg_pltemplate,0,0,0,0,0,0,0,0,0,0,0,0,0,0,,,,
1416293621.56514,pg_toast,pg_toast_12188,0,0,0,0,0,0,0,0,0,0,0,0,0,0,,,,
1416293621.56514,pg_catalog,pg_description,0,0,5593,0,0,0,0,0,0,0,0,0,1969,10443,0,0,0,0
1416293621.56514,pg_catalog,pg_language,0,0,0,0,0,0,0,0,0,0,0,0,0,0,,,,
1416293621.56514,pg_catalog,pg_ts_parser,0,0,0,0,0,0,0,0,0,0,0,0,0,0,,,,
1416293621.56514,pg_catalog,pg_shseclabel,0,0,0,0,0,0,0,0,0,0,0,0,0,0,,,,
1416293621.56514,pg_catalog,pg_foreign_table,0,0,0,0,0,0,0,0,0,0,0,0,0,0,,,,
1416293621.56514,information_schema,sql_packages,0,0,,,0,0,0,0,0,0,0,0,,,0,0,0,0
1416293621.56514,information_schema,sql_parts,0,0,,,0,0,0,0,0,0,0,0,,,0,0,0,0
1416293621.56514,pg_catalog,pg_attrdef,0,0,0,0,0,0,0,0,0,0,0,0,0,0,0,0,0,0
1416293621.56514,pg_catalog,pg_ts_template,0,0,0,0,0,0,0,0,0,0,0,0,0,0,,,,
1416293621.56514,pg_catalog,pg_foreign_server,0,0,0,0,0,0,0,0,0,0,0,0,0,0,,,,
1416293621.56514,pg_catalog,pg_default_acl,0,0,4944,0,0,0,0,0,0,0,0,0,564,4380,,,,
1416293621.56514,pg_toast,pg_toast_12198,0,0,0,0,0,0,0,0,0,0,0,0,0,0,,,,
1416293621.56514,pg_toast,pg_toast_12208,0,0,0,0,0,0,0,0,0,0,0,0,0,0,,,,
1416293621.56514,pg_catalog,pg_attribute,4378,29054,1265941,2535854,8972,288,8808,252,2411,8,102158,1262890,45635,2584405,,,,
1416293621.56514,public,lineitem,0,0,,,0,0,0,0,0,0,0,0,,,,,,
1416293621.56514,pg_catalog,pg_statistic,0,0,300366,243374,2028,5145,1981,4622,431,95,44570,213944,21408,625842,20394,94624,2227,140761
1416293621.56514,pg_toast,pg_toast_12203,0,0,0,0,0,0,0,0,0,0,0,0,0,0,,,,
1416293621.56514,pg_toast,pg_toast_2618,0,0,14678,47661,0,0,0,0,0,0,10643,15001,4086,18016,,,,
1416293621.56514,pg_toast,pg_toast_3596,0,0,0,0,0,0,0,0,0,0,0,0,0,0,,,,
1416293621.56514,public,nation,2,50,0,0,25,0,0,0,25,0,1,3,0,0,,,,
1416293621.56514,pg_catalog,pg_depend,0,0,51833,55795,9527,0,9458,0,5612,116,9454,65813,15883,132198,,,,
1416293621.56514,public,supplier,4,400000,0,0,100000,0,0,0,100000,0,2312,15648,0,0,,,,
1416293621.56514,information_schema,sql_languages,0,0,,,0,0,0,0,0,0,0,0,,,0,0,0,0
1416293621.56514,public,region,2,10,0,0,5,0,0,0,5,0,1,3,0,0,,,,
1416293621.56514,pg_catalog,pg_opclass,796,796,269182,2912510,0,0,0,0,0,0,13347,1005943,26360,322106,,,,
1416293621.56514,pg_catalog,pg_proc,0,0,542991,799727,0,0,0,0,0,0,79110,540630,72360,1132549,0,0,0,0
1416293621.56514,information_schema,sql_implementation_info,0,0,,,0,0,0,0,0,0,0,0,,,0,0,0,0
1416293621.56514,pg_catalog,pg_trigger,0,0,0,0,0,0,0,0,0,0,0,0,0,0,0,0,0,0
1416293621.56514,pg_catalog,pg_am,55756,55756,0,0,0,0,0,0,0,0,7819,47937,0,0,,,,
1416293621.56514,pg_catalog,pg_largeobject_metadata,0,0,0,0,0,0,0,0,0,0,0,0,0,0,,,,
1416293621.56514,pg_catalog,pg_ts_config_map,0,0,0,0,0,0,0,0,0,0,0,0,0,0,,,,
1416293621.56514,pg_catalog,pg_type,0,0,1097875,1088874,2442,0,2423,0,349,0,24967,1074768,31541,2216773,,,,
1416293621.56514,pg_catalog,pg_shdepend,0,0,6871,1277,0,0,0,0,0,0,595,682,2533,6802,,,,
1416293621.56514,information_schema,sql_sizing,0,0,,,0,0,0,0,0,0,0,0,,,0,0,0,0
1416293621.56514,pg_catalog,pg_conversion,0,0,0,0,0,0,0,0,0,0,0,0,0,0,,,,
1416293621.56514,pg_catalog,pg_foreign_data_wrapper,0,0,0,0,0,0,0,0,0,0,0,0,0,0,,,,
1416293621.56514,pg_catalog,pg_opfamily,0,0,0,0,0,0,0,0,0,0,0,0,0,0,,,,
1416293621.56514,pg_catalog,pg_shdescription,0,0,0,0,0,0,0,0,0,0,0,0,0,0,0,0,0,0
1416293621.56514,pg_catalog,pg_tablespace,2,4,40554,40554,0,0,0,0,0,0,6226,34330,12486,68622,,,,
1416293621.56514,pg_catalog,pg_inherits,0,0,1226,0,0,0,0,0,0,0,0,0,605,621,,,,
1416293621.56514,pg_toast,pg_toast_2606,0,0,0,0,0,0,0,0,0,0,0,0,0,0,,,,
1416293621.56514,pg_toast,pg_toast_2964,0,0,0,0,0,0,0,0,0,0,0,0,0,0,,,,
1416293621.56514,pg_catalog,pg_database,10380,40860,228418,228416,1,0,0,0,1,0,8160,230637,36883,307497,,,,
1416293621.56514,pg_toast,pg_toast_2620,0,0,0,0,0,0,0,0,0,0,0,0,0,0,,,,
1416293621.56514,pg_toast,pg_toast_12213,0,0,0,0,0,0,0,0,0,0,0,0,0,0,,,,
1416293621.56514,pg_catalog,pg_amproc,796,1592,206930,307621,0,0,0,0,0,0,9924,194121,26704,441805,,,,
1416293621.56514,public,partsupp,3,24000000,0,0,8000000,0,0,0,8000000,0,340611,954509,0,0,,,,
1416293621.56514,pg_catalog,pg_collation,0,0,0,0,0,0,0,0,0,0,0,0,0,0,,,,
1416293621.56514,pg_catalog,pg_constraint,0,0,455,224,231,0,224,0,9,0,130,1291,234,2309,0,0,0,0
1416293621.56514,pg_catalog,pg_range,0,0,8666,0,0,0,0,0,0,0,0,0,7473,9859,,,,
1416293621.56514,pg_catalog,pg_user_mapping,0,0,0,0,0,0,0,0,0,0,0,0,0,0,,,,
1416293621.56514,pg_catalog,pg_largeobject,0,0,0,0,0,0,0,0,0,0,0,0,0,0,,,,
1416293621.56514,pg_catalog,pg_namespace,7703,226848,608565,557299,40,0,0,0,40,0,6817,558286,18242,648843,,,,
1416293621.56514,pg_catalog,pg_authid,3847,3847,103131,103131,0,0,0,0,0,0,7005,99973,26066,180196,,,,
1416293621.56514,public,time_statistics,0,0,,,1,0,0,0,1,0,1,0,,,,,,
1416293621.56514,pg_toast,pg_toast_12193,0,0,0,0,0,0,0,0,0,0,0,0,0,0,,,,
1416293621.56514,pg_catalog,pg_index,17379,2003159,464576,663894,1107,0,1087,0,130,39,30281,662391,28532,527448,,,,
1416293621.56514,pg_catalog,pg_ts_dict,0,0,0,0,0,0,0,0,0,0,0,0,0,0,,,,
1416293621.56514,information_schema,sql_features,0,0,,,0,0,0,0,0,0,0,0,,,0,0,0,0
1416293621.56514,pg_catalog,pg_class,43382,10723695,1849515,1778088,2343,633,2313,613,318,61,74524,2126782,61085,3737355,,,,
1416293621.56514,pg_toast,pg_toast_12183,0,0,0,0,0,0,0,0,0,0,0,0,0,0,,,,
1416293621.56514,information_schema,sql_sizing_profiles,0,0,,,0,0,0,0,0,0,0,0,,,0,0,0,0
1416293621.56514,pg_toast,pg_toast_2396,0,0,0,0,0,0,0,0,0,0,0,0,0,0,,,,
1416293621.56514,pg_catalog,pg_enum,0,0,0,0,0,0,0,0,0,0,0,0,0,0,,,,
1416293621.56514,pg_catalog,pg_db_role_setting,0,0,174105,0,0,0,0,0,0,0,0,0,8026,166079,0,0,0,0
1416293621.56514,public,customer,6,9000000,0,0,1500000,0,0,0,1500000,0,68533,294857,0,0,,,,
1416293621.56514,pg_catalog,pg_seclabel,0,0,5593,0,0,0,0,0,0,0,0,0,613,4980,0,0,0,0
1416293621.56514,pg_toast,pg_toast_2609,0,0,0,0,0,0,0,0,0,0,0,0,0,0,,,,
1416293621.56514,pg_toast,pg_toast_1255,0,0,0,0,0,0,0,0,0,0,0,0,0,0,,,,
1416293621.56514,pg_catalog,pg_rewrite,0,0,29357,27458,633,0,633,0,106,22,13039,19524,5573,44653,10643,15001,4086,18016
1416293621.56514,pg_catalog,pg_ts_config,0,0,0,0,0,0,0,0,0,0,0,0,0,0,,,,
1416293621.56514,pg_catalog,pg_extension,0,0,0,0,0,0,0,0,0,0,0,0,0,0,,,,
1416293621.56514,pg_catalog,pg_amop,0,0,426488,599952,0,0,0,0,0,0,20915,579037,35752,883902,,,,
1416293621.56514,pg_catalog,pg_cast,0,0,1400127,375730,0,0,0,0,0,0,9106,366624,11545,1438496,,,,
1416293621.56514,pg_toast,pg_toast_2619,0,0,70220,231060,3157,0,2948,0,227,8,20394,94624,2227,140761,,,,
1416293621.56514,pg_toast,pg_toast_2604,0,0,0,0,0,0,0,0,0,0,0,0,0,0,,,,
1416293621.56514,public,orders,4,60000000,0,0,15000000,0,0,0,15000000,0,504554,1558780,0,0,,,,
1416293681.56737,public,part,6,12000000,0,0,2000000,0,0,0,2000000,0,79007,327715,0,0,,,,
1416293681.56737,pg_catalog,pg_auth_members,0,0,0,0,0,0,0,0,0,0,0,0,0,0,,,,
1416293681.56737,pg_catalog,pg_operator,0,0,333587,1490549,0,0,0,0,0,0,61783,1005934,46921,697751,,,,
1416293681.56737,pg_catalog,pg_aggregate,0,0,22565,22565,0,0,0,0,0,0,4759,17806,9602,30480,,,,
1416293681.56737,pg_catalog,pg_pltemplate,0,0,0,0,0,0,0,0,0,0,0,0,0,0,,,,
1416293681.56737,pg_toast,pg_toast_12188,0,0,0,0,0,0,0,0,0,0,0,0,0,0,,,,
1416293681.56737,pg_catalog,pg_description,0,0,5593,0,0,0,0,0,0,0,0,0,1969,10443,0,0,0,0
1416293681.56737,pg_catalog,pg_language,0,0,0,0,0,0,0,0,0,0,0,0,0,0,,,,
1416293681.56737,pg_catalog,pg_ts_parser,0,0,0,0,0,0,0,0,0,0,0,0,0,0,,,,
1416293681.56737,pg_catalog,pg_shseclabel,0,0,0,0,0,0,0,0,0,0,0,0,0,0,,,,
1416293681.56737,pg_catalog,pg_foreign_table,0,0,0,0,0,0,0,0,0,0,0,0,0,0,,,,
1416293681.56737,information_schema,sql_packages,0,0,,,0,0,0,0,0,0,0,0,,,0,0,0,0
1416293681.56737,information_schema,sql_parts,0,0,,,0,0,0,0,0,0,0,0,,,0,0,0,0
1416293681.56737,pg_catalog,pg_attrdef,0,0,0,0,0,0,0,0,0,0,0,0,0,0,0,0,0,0
1416293681.56737,pg_catalog,pg_ts_template,0,0,0,0,0,0,0,0,0,0,0,0,0,0,,,,
1416293681.56737,pg_catalog,pg_foreign_server,0,0,0,0,0,0,0,0,0,0,0,0,0,0,,,,
1416293681.56737,pg_catalog,pg_default_acl,0,0,4944,0,0,0,0,0,0,0,0,0,564,4380,,,,
1416293681.56737,pg_toast,pg_toast_12198,0,0,0,0,0,0,0,0,0,0,0,0,0,0,,,,
1416293681.56737,pg_toast,pg_toast_12208,0,0,0,0,0,0,0,0,0,0,0,0,0,0,,,,
1416293681.56737,pg_catalog,pg_attribute,4378,29054,1266321,2536477,8972,288,8808,252,2411,8,102158,1263272,45635,2585176,,,,
1416293681.56737,public,lineitem,0,0,,,0,0,0,0,0,0,0,0,,,,,,
1416293681.56737,pg_catalog,pg_statistic,0,0,300416,243412,2028,5145,1981,4622,431,95,44570,213982,21408,625952,20394,94630,2227,140779
1416293681.56737,pg_toast,pg_toast_12203,0,0,0,0,0,0,0,0,0,0,0,0,0,0,,,,
1416293681.56737,pg_toast,pg_toast_2618,0,0,14686,47687,0,0,0,0,0,0,10643,15015,4086,18028,,,,
1416293681.56737,pg_toast,pg_toast_3596,0,0,0,0,0,0,0,0,0,0,0,0,0,0,,,,
1416293681.56737,public,nation,2,50,0,0,25,0,0,0,25,0,1,3,0,0,,,,
1416293681.56737,pg_catalog,pg_depend,0,0,51833,55795,9527,0,9458,0,5612,116,9454,65813,15883,132198,,,,
1416293681.56737,public,supplier,4,400000,0,0,100000,0,0,0,100000,0,2312,15648,0,0,,,,
1416293681.56737,information_schema,sql_languages,0,0,,,0,0,0,0,0,0,0,0,,,0,0,0,0
1416293681.56737,public,region,2,10,0,0,5,0,0,0,5,0,1,3,0,0,,,,
1416293681.56737,pg_catalog,pg_opclass,796,796,269215,2912855,0,0,0,0,0,0,13347,1006054,26360,322156,,,,
1416293681.56737,pg_catalog,pg_proc,0,0,543143,799949,0,0,0,0,0,0,79110,540812,72360,1132883,0,0,0,0
1416293681.56737,information_schema,sql_implementation_info,0,0,,,0,0,0,0,0,0,0,0,,,0,0,0,0
1416293681.56737,pg_catalog,pg_trigger,0,0,0,0,0,0,0,0,0,0,0,0,0,0,0,0,0,0
1416293681.56737,pg_catalog,pg_am,55767,55767,0,0,0,0,0,0,0,0,7819,47948,0,0,,,,
1416293681.56737,pg_catalog,pg_largeobject_metadata,0,0,0,0,0,0,0,0,0,0,0,0,0,0,,,,
1416293681.56737,pg_catalog,pg_ts_config_map,0,0,0,0,0,0,0,0,0,0,0,0,0,0,,,,
1416293681.56737,pg_catalog,pg_type,0,0,1098055,1089054,2442,0,2423,0,349,0,24967,1074948,31541,2217143,,,,
1416293681.56737,pg_catalog,pg_shdepend,0,0,6871,1277,0,0,0,0,0,0,595,682,2533,6802,,,,
1416293681.56737,information_schema,sql_sizing,0,0,,,0,0,0,0,0,0,0,0,,,0,0,0,0
1416293681.56737,pg_catalog,pg_conversion,0,0,0,0,0,0,0,0,0,0,0,0,0,0,,,,
1416293681.56737,pg_catalog,pg_foreign_data_wrapper,0,0,0,0,0,0,0,0,0,0,0,0,0,0,,,,
1416293681.56737,pg_catalog,pg_opfamily,0,0,0,0,0,0,0,0,0,0,0,0,0,0,,,,
1416293681.56737,pg_catalog,pg_shdescription,0,0,0,0,0,0,0,0,0,0,0,0,0,0,0,0,0,0
1416293681.56737,pg_catalog,pg_tablespace,2,4,40564,40564,0,0,0,0,0,0,6226,34340,12486,68642,,,,
1416293681.56737,pg_catalog,pg_inherits,0,0,1226,0,0,0,0,0,0,0,0,0,605,621,,,,
1416293681.56737,pg_toast,pg_toast_2606,0,0,0,0,0,0,0,0,0,0,0,0,0,0,,,,
1416293681.56737,pg_toast,pg_toast_2964,0,0,0,0,0,0,0,0,0,0,0,0,0,0,,,,
1416293681.56737,pg_catalog,pg_database,10384,40876,228467,228465,1,0,0,0,1,0,8160,230690,36883,307570,,,,
1416293681.56737,pg_toast,pg_toast_2620,0,0,0,0,0,0,0,0,0,0,0,0,0,0,,,,
1416293681.56737,pg_toast,pg_toast_12213,0,0,0,0,0,0,0,0,0,0,0,0,0,0,,,,
1416293681.56737,pg_catalog,pg_amproc,796,1592,206961,307669,0,0,0,0,0,0,9924,194152,26704,441878,,,,
1416293681.56737,public,partsupp,3,24000000,0,0,8000000,0,0,0,8000000,0,340611,954509,0,0,,,,
1416293681.56737,pg_catalog,pg_collation,0,0,0,0,0,0,0,0,0,0,0,0,0,0,,,,
1416293681.56737,pg_catalog,pg_constraint,0,0,455,224,231,0,224,0,9,0,130,1291,234,2309,0,0,0,0
1416293681.56737,pg_catalog,pg_range,0,0,8666,0,0,0,0,0,0,0,0,0,7473,9859,,,,
1416293681.56737,pg_catalog,pg_user_mapping,0,0,0,0,0,0,0,0,0,0,0,0,0,0,,,,
1416293681.56737,pg_catalog,pg_largeobject,0,0,0,0,0,0,0,0,0,0,0,0,0,0,,,,
1416293681.56737,pg_catalog,pg_namespace,7707,227032,608855,557579,40,0,0,0,40,0,6817,558570,18242,649145,,,,
1416293681.56737,pg_catalog,pg_authid,3849,3849,103151,103151,0,0,0,0,0,0,7005,99995,26066,180236,,,,
1416293681.56737,public,time_statistics,0,0,,,1,0,0,0,1,0,1,0,,,,,,
1416293681.56737,pg_toast,pg_toast_12193,0,0,0,0,0,0,0,0,0,0,0,0,0,0,,,,
1416293681.56737,pg_catalog,pg_index,17387,2004199,464643,663981,1107,0,1087,0,130,39,30281,662498,28532,527536,,,,
1416293681.56737,pg_catalog,pg_ts_dict,0,0,0,0,0,0,0,0,0,0,0,0,0,0,,,,
1416293681.56737,information_schema,sql_features,0,0,,,0,0,0,0,0,0,0,0,,,0,0,0,0
1416293681.56737,pg_catalog,pg_class,43400,10728866,1850151,1778724,2343,633,2313,613,318,61,74524,2127600,61085,3738650,,,,
1416293681.56737,pg_toast,pg_toast_12183,0,0,0,0,0,0,0,0,0,0,0,0,0,0,,,,
1416293681.56737,information_schema,sql_sizing_profiles,0,0,,,0,0,0,0,0,0,0,0,,,0,0,0,0
1416293681.56737,pg_toast,pg_toast_2396,0,0,0,0,0,0,0,0,0,0,0,0,0,0,,,,
1416293681.56737,pg_catalog,pg_enum,0,0,0,0,0,0,0,0,0,0,0,0,0,0,,,,
1416293681.56737,pg_catalog,pg_db_role_setting,0,0,174141,0,0,0,0,0,0,0,0,0,8026,166115,0,0,0,0
1416293681.56737,public,customer,6,9000000,0,0,1500000,0,0,0,1500000,0,68533,294857,0,0,,,,
1416293681.56737,pg_catalog,pg_seclabel,0,0,5593,0,0,0,0,0,0,0,0,0,613,4980,0,0,0,0
1416293681.56737,pg_toast,pg_toast_2609,0,0,0,0,0,0,0,0,0,0,0,0,0,0,,,,
1416293681.56737,pg_toast,pg_toast_1255,0,0,0,0,0,0,0,0,0,0,0,0,0,0,,,,
1416293681.56737,pg_catalog,pg_rewrite,0,0,29371,27472,633,0,633,0,106,22,13039,19538,5573,44677,10643,15015,4086,18028
1416293681.56737,pg_catalog,pg_ts_config,0,0,0,0,0,0,0,0,0,0,0,0,0,0,,,,
1416293681.56737,pg_catalog,pg_extension,0,0,0,0,0,0,0,0,0,0,0,0,0,0,,,,
1416293681.56737,pg_catalog,pg_amop,0,0,426554,600034,0,0,0,0,0,0,20915,579119,35752,884050,,,,
1416293681.56737,pg_catalog,pg_cast,0,0,1400263,375786,0,0,0,0,0,0,9106,366680,11545,1438642,,,,
1416293681.56737,pg_toast,pg_toast_2619,0,0,70226,231072,3157,0,2948,0,227,8,20394,94630,2227,140779,,,,
1416293681.56737,pg_toast,pg_toast_2604,0,0,0,0,0,0,0,0,0,0,0,0,0,0,,,,
1416293681.56737,public,orders,4,60000000,0,0,15000000,0,0,0,15000000,0,504554,1558780,0,0,,,,
1416293741.57248,public,part,6,12000000,0,0,2000000,0,0,0,2000000,0,79007,327715,0,0,,,,
1416293741.57248,pg_catalog,pg_auth_members,0,0,0,0,0,0,0,0,0,0,0,0,0,0,,,,
1416293741.57248,pg_catalog,pg_operator,0,0,333621,1490583,0,0,0,0,0,0,61783,1005968,46921,697835,,,,
1416293741.57248,pg_catalog,pg_aggregate,0,0,22567,22567,0,0,0,0,0,0,4759,17808,9602,30484,,,,
1416293741.57248,pg_catalog,pg_pltemplate,0,0,0,0,0,0,0,0,0,0,0,0,0,0,,,,
1416293741.57248,pg_toast,pg_toast_12188,0,0,0,0,0,0,0,0,0,0,0,0,0,0,,,,
1416293741.57248,pg_catalog,pg_description,0,0,5593,0,0,0,0,0,0,0,0,0,1969,10443,0,0,0,0
1416293741.57248,pg_catalog,pg_language,0,0,0,0,0,0,0,0,0,0,0,0,0,0,,,,
1416293741.57248,pg_catalog,pg_ts_parser,0,0,0,0,0,0,0,0,0,0,0,0,0,0,,,,
1416293741.57248,pg_catalog,pg_shseclabel,0,0,0,0,0,0,0,0,0,0,0,0,0,0,,,,
1416293741.57248,pg_catalog,pg_foreign_table,0,0,0,0,0,0,0,0,0,0,0,0,0,0,,,,
1416293741.57248,information_schema,sql_packages,0,0,,,0,0,0,0,0,0,0,0,,,0,0,0,0
1416293741.57248,information_schema,sql_parts,0,0,,,0,0,0,0,0,0,0,0,,,0,0,0,0
1416293741.57248,pg_catalog,pg_attrdef,0,0,0,0,0,0,0,0,0,0,0,0,0,0,0,0,0,0
1416293741.57248,pg_catalog,pg_ts_template,0,0,0,0,0,0,0,0,0,0,0,0,0,0,,,,
1416293741.57248,pg_catalog,pg_foreign_server,0,0,0,0,0,0,0,0,0,0,0,0,0,0,,,,
1416293741.57248,pg_catalog,pg_default_acl,0,0,4944,0,0,0,0,0,0,0,0,0,564,4380,,,,
1416293741.57248,pg_toast,pg_toast_12198,0,0,0,0,0,0,0,0,0,0,0,0,0,0,,,,
1416293741.57248,pg_toast,pg_toast_12208,0,0,0,0,0,0,0,0,0,0,0,0,0,0,,,,
1416293741.57248,pg_catalog,pg_attribute,4378,29054,1266695,2537085,8972,288,8808,252,2411,8,102158,1263648,45635,2585932,,,,
1416293741.57248,public,lineitem,0,0,,,0,0,0,0,0,0,0,0,,,,,,
1416293741.57248,pg_catalog,pg_statistic,0,0,300466,243450,2028,5145,1981,4622,431,95,44570,214020,21408,626062,20394,94636,2227,140797
1416293741.57248,pg_toast,pg_toast_12203,0,0,0,0,0,0,0,0,0,0,0,0,0,0,,,,
1416293741.57248,pg_toast,pg_toast_2618,0,0,14694,47713,0,0,0,0,0,0,10643,15029,4086,18040,,,,
1416293741.57248,pg_toast,pg_toast_3596,0,0,0,0,0,0,0,0,0,0,0,0,0,0,,,,
1416293741.57248,public,nation,2,50,0,0,25,0,0,0,25,0,1,3,0,0,,,,
1416293741.57248,pg_catalog,pg_depend,0,0,51833,55795,9527,0,9458,0,5612,116,9454,65813,15883,132198,,,,
1416293741.57248,public,supplier,4,400000,0,0,100000,0,0,0,100000,0,2312,15648,0,0,,,,
1416293741.57248,information_schema,sql_languages,0,0,,,0,0,0,0,0,0,0,0,,,0,0,0,0
1416293741.57248,public,region,2,10,0,0,5,0,0,0,5,0,1,3,0,0,,,,
1416293741.57248,pg_catalog,pg_opclass,796,796,269245,2913197,0,0,0,0,0,0,13347,1006162,26360,322200,,,,
1416293741.57248,pg_catalog,pg_proc,0,0,543295,800171,0,0,0,0,0,0,79110,540994,72360,1133217,0,0,0,0
1416293741.57248,information_schema,sql_implementation_info,0,0,,,0,0,0,0,0,0,0,0,,,0,0,0,0
1416293741.57248,pg_catalog,pg_trigger,0,0,0,0,0,0,0,0,0,0,0,0,0,0,0,0,0,0
1416293741.57248,pg_catalog,pg_am,55775,55775,0,0,0,0,0,0,0,0,7819,47956,0,0,,,,
1416293741.57248,pg_catalog,pg_largeobject_metadata,0,0,0,0,0,0,0,0,0,0,0,0,0,0,,,,
1416293741.57248,pg_catalog,pg_ts_config_map,0,0,0,0,0,0,0,0,0,0,0,0,0,0,,,,
1416293741.57248,pg_catalog,pg_type,0,0,1098235,1089234,2442,0,2423,0,349,0,24967,1075128,31541,2217513,,,,
1416293741.57248,pg_catalog,pg_shdepend,0,0,6871,1277,0,0,0,0,0,0,595,682,2533,6802,,,,
1416293741.57248,information_schema,sql_sizing,0,0,,,0,0,0,0,0,0,0,0,,,0,0,0,0
1416293741.57248,pg_catalog,pg_conversion,0,0,0,0,0,0,0,0,0,0,0,0,0,0,,,,
1416293741.57248,pg_catalog,pg_foreign_data_wrapper,0,0,0,0,0,0,0,0,0,0,0,0,0,0,,,,
1416293741.57248,pg_catalog,pg_opfamily,0,0,0,0,0,0,0,0,0,0,0,0,0,0,,,,
1416293741.57248,pg_catalog,pg_shdescription,0,0,0,0,0,0,0,0,0,0,0,0,0,0,0,0,0,0
1416293741.57248,pg_catalog,pg_tablespace,2,4,40574,40574,0,0,0,0,0,0,6226,34350,12486,68662,,,,
1416293741.57248,pg_catalog,pg_inherits,0,0,1226,0,0,0,0,0,0,0,0,0,605,621,,,,
1416293741.57248,pg_toast,pg_toast_2606,0,0,0,0,0,0,0,0,0,0,0,0,0,0,,,,
1416293741.57248,pg_toast,pg_toast_2964,0,0,0,0,0,0,0,0,0,0,0,0,0,0,,,,
1416293741.57248,pg_catalog,pg_database,10388,40892,228507,228505,1,0,0,0,1,0,8160,230734,36883,307628,,,,
1416293741.57248,pg_toast,pg_toast_2620,0,0,0,0,0,0,0,0,0,0,0,0,0,0,,,,
1416293741.57248,pg_toast,pg_toast_12213,0,0,0,0,0,0,0,0,0,0,0,0,0,0,,,,
1416293741.57248,pg_catalog,pg_amproc,796,1592,206989,307711,0,0,0,0,0,0,9924,194180,26704,441942,,,,
1416293741.57248,public,partsupp,3,24000000,0,0,8000000,0,0,0,8000000,0,340611,954509,0,0,,,,
1416293741.57248,pg_catalog,pg_collation,0,0,0,0,0,0,0,0,0,0,0,0,0,0,,,,
1416293741.57248,pg_catalog,pg_constraint,0,0,455,224,231,0,224,0,9,0,130,1291,234,2309,0,0,0,0
1416293741.57248,pg_catalog,pg_range,0,0,8666,0,0,0,0,0,0,0,0,0,7473,9859,,,,
1416293741.57248,pg_catalog,pg_user_mapping,0,0,0,0,0,0,0,0,0,0,0,0,0,0,,,,
1416293741.57248,pg_catalog,pg_largeobject,0,0,0,0,0,0,0,0,0,0,0,0,0,0,,,,
1416293741.57248,pg_catalog,pg_namespace,7711,227216,609145,557859,40,0,0,0,40,0,6817,558854,18242,649447,,,,
1416293741.57248,pg_catalog,pg_authid,3851,3851,103165,103165,0,0,0,0,0,0,7005,100011,26066,180264,,,,
1416293741.57248,public,time_statistics,0,0,,,1,0,0,0,1,0,1,0,,,,,,
1416293741.57248,pg_toast,pg_toast_12193,0,0,0,0,0,0,0,0,0,0,0,0,0,0,,,,
1416293741.57248,pg_catalog,pg_index,17395,2005239,464707,664065,1107,0,1087,0,130,39,30281,662602,28532,527618,,,,
1416293741.57248,pg_catalog,pg_ts_dict,0,0,0,0,0,0,0,0,0,0,0,0,0,0,,,,
1416293741.57248,information_schema,sql_features,0,0,,,0,0,0,0,0,0,0,0,,,0,0,0,0
1416293741.57248,pg_catalog,pg_class,43418,10734037,1850781,1779354,2343,633,2313,613,318,61,74524,2128412,61085,3739930,,,,
1416293741.57248,pg_toast,pg_toast_12183,0,0,0,0,0,0,0,0,0,0,0,0,0,0,,,,
1416293741.57248,information_schema,sql_sizing_profiles,0,0,,,0,0,0,0,0,0,0,0,,,0,0,0,0
1416293741.57248,pg_toast,pg_toast_2396,0,0,0,0,0,0,0,0,0,0,0,0,0,0,,,,
1416293741.57248,pg_catalog,pg_enum,0,0,0,0,0,0,0,0,0,0,0,0,0,0,,,,
1416293741.57248,pg_catalog,pg_db_role_setting,0,0,174168,0,0,0,0,0,0,0,0,0,8026,166142,0,0,0,0
1416293741.57248,public,customer,6,9000000,0,0,1500000,0,0,0,1500000,0,68533,294857,0,0,,,,
1416293741.57248,pg_catalog,pg_seclabel,0,0,5593,0,0,0,0,0,0,0,0,0,613,4980,0,0,0,0
1416293741.57248,pg_toast,pg_toast_2609,0,0,0,0,0,0,0,0,0,0,0,0,0,0,,,,
1416293741.57248,pg_toast,pg_toast_1255,0,0,0,0,0,0,0,0,0,0,0,0,0,0,,,,
1416293741.57248,pg_catalog,pg_rewrite,0,0,29385,27486,633,0,633,0,106,22,13039,19552,5573,44701,10643,15029,4086,18040
1416293741.57248,pg_catalog,pg_ts_config,0,0,0,0,0,0,0,0,0,0,0,0,0,0,,,,
1416293741.57248,pg_catalog,pg_extension,0,0,0,0,0,0,0,0,0,0,0,0,0,0,,,,
1416293741.57248,pg_catalog,pg_amop,0,0,426620,600116,0,0,0,0,0,0,20915,579201,35752,884198,,,,
1416293741.57248,pg_catalog,pg_cast,0,0,1400399,375842,0,0,0,0,0,0,9106,366736,11545,1438788,,,,
1416293741.57248,pg_toast,pg_toast_2619,0,0,70232,231084,3157,0,2948,0,227,8,20394,94636,2227,140797,,,,
1416293741.57248,pg_toast,pg_toast_2604,0,0,0,0,0,0,0,0,0,0,0,0,0,0,,,,
1416293741.57248,public,orders,4,60000000,0,0,15000000,0,0,0,15000000,0,504554,1558780,0,0,,,,
1416293801.57249,public,part,6,12000000,0,0,2000000,0,0,0,2000000,0,79007,327715,0,0,,,,
1416293801.57249,pg_catalog,pg_auth_members,0,0,0,0,0,0,0,0,0,0,0,0,0,0,,,,
1416293801.57249,pg_catalog,pg_operator,0,0,333655,1490617,0,0,0,0,0,0,61783,1006002,46921,697919,,,,
1416293801.57249,pg_catalog,pg_aggregate,0,0,22569,22569,0,0,0,0,0,0,4759,17810,9602,30488,,,,
1416293801.57249,pg_catalog,pg_pltemplate,0,0,0,0,0,0,0,0,0,0,0,0,0,0,,,,
1416293801.57249,pg_toast,pg_toast_12188,0,0,0,0,0,0,0,0,0,0,0,0,0,0,,,,
1416293801.57249,pg_catalog,pg_description,0,0,5593,0,0,0,0,0,0,0,0,0,1969,10443,0,0,0,0
1416293801.57249,pg_catalog,pg_language,0,0,0,0,0,0,0,0,0,0,0,0,0,0,,,,
1416293801.57249,pg_catalog,pg_ts_parser,0,0,0,0,0,0,0,0,0,0,0,0,0,0,,,,
1416293801.57249,pg_catalog,pg_shseclabel,0,0,0,0,0,0,0,0,0,0,0,0,0,0,,,,
1416293801.57249,pg_catalog,pg_foreign_table,0,0,0,0,0,0,0,0,0,0,0,0,0,0,,,,
1416293801.57249,information_schema,sql_packages,0,0,,,0,0,0,0,0,0,0,0,,,0,0,0,0
1416293801.57249,information_schema,sql_parts,0,0,,,0,0,0,0,0,0,0,0,,,0,0,0,0
1416293801.57249,pg_catalog,pg_attrdef,0,0,0,0,0,0,0,0,0,0,0,0,0,0,0,0,0,0
1416293801.57249,pg_catalog,pg_ts_template,0,0,0,0,0,0,0,0,0,0,0,0,0,0,,,,
1416293801.57249,pg_catalog,pg_foreign_server,0,0,0,0,0,0,0,0,0,0,0,0,0,0,,,,
1416293801.57249,pg_catalog,pg_default_acl,0,0,4944,0,0,0,0,0,0,0,0,0,564,4380,,,,
1416293801.57249,pg_toast,pg_toast_12198,0,0,0,0,0,0,0,0,0,0,0,0,0,0,,,,
1416293801.57249,pg_toast,pg_toast_12208,0,0,0,0,0,0,0,0,0,0,0,0,0,0,,,,
1416293801.57249,pg_catalog,pg_attribute,4378,29054,1267081,2537723,8972,288,8808,252,2411,8,102158,1264036,45635,2586718,,,,
1416293801.57249,public,lineitem,0,0,,,0,0,0,0,0,0,0,0,,,,,,
1416293801.57249,pg_catalog,pg_statistic,0,0,300516,243488,2028,5145,1981,4622,431,95,44570,214058,21408,626172,20394,94642,2227,140815
1416293801.57249,pg_toast,pg_toast_12203,0,0,0,0,0,0,0,0,0,0,0,0,0,0,,,,
1416293801.57249,pg_toast,pg_toast_2618,0,0,14702,47739,0,0,0,0,0,0,10643,15043,4086,18052,,,,
1416293801.57249,pg_toast,pg_toast_3596,0,0,0,0,0,0,0,0,0,0,0,0,0,0,,,,
1416293801.57249,public,nation,2,50,0,0,25,0,0,0,25,0,1,3,0,0,,,,
1416293801.57249,pg_catalog,pg_depend,0,0,51833,55795,9527,0,9458,0,5612,116,9454,65813,15883,132198,,,,
1416293801.57249,public,supplier,4,400000,0,0,100000,0,0,0,100000,0,2312,15648,0,0,,,,
1416293801.57249,information_schema,sql_languages,0,0,,,0,0,0,0,0,0,0,0,,,0,0,0,0
1416293801.57249,public,region,2,10,0,0,5,0,0,0,5,0,1,3,0,0,,,,
1416293801.57249,pg_catalog,pg_opclass,796,796,269281,2913545,0,0,0,0,0,0,13347,1006276,26360,322256,,,,
1416293801.57249,pg_catalog,pg_proc,0,0,543447,800393,0,0,0,0,0,0,79110,541176,72360,1133551,0,0,0,0
1416293801.57249,information_schema,sql_implementation_info,0,0,,,0,0,0,0,0,0,0,0,,,0,0,0,0
1416293801.57249,pg_catalog,pg_trigger,0,0,0,0,0,0,0,0,0,0,0,0,0,0,0,0,0,0
1416293801.57249,pg_catalog,pg_am,55789,55789,0,0,0,0,0,0,0,0,7819,47970,0,0,,,,
1416293801.57249,pg_catalog,pg_largeobject_metadata,0,0,0,0,0,0,0,0,0,0,0,0,0,0,,,,
1416293801.57249,pg_catalog,pg_ts_config_map,0,0,0,0,0,0,0,0,0,0,0,0,0,0,,,,
1416293801.57249,pg_catalog,pg_type,0,0,1098415,1089414,2442,0,2423,0,349,0,24967,1075308,31541,2217883,,,,
1416293801.57249,pg_catalog,pg_shdepend,0,0,6871,1277,0,0,0,0,0,0,595,682,2533,6802,,,,
1416293801.57249,information_schema,sql_sizing,0,0,,,0,0,0,0,0,0,0,0,,,0,0,0,0
1416293801.57249,pg_catalog,pg_conversion,0,0,0,0,0,0,0,0,0,0,0,0,0,0,,,,
1416293801.57249,pg_catalog,pg_foreign_data_wrapper,0,0,0,0,0,0,0,0,0,0,0,0,0,0,,,,
1416293801.57249,pg_catalog,pg_opfamily,0,0,0,0,0,0,0,0,0,0,0,0,0,0,,,,
1416293801.57249,pg_catalog,pg_shdescription,0,0,0,0,0,0,0,0,0,0,0,0,0,0,0,0,0,0
1416293801.57249,pg_catalog,pg_tablespace,2,4,40584,40584,0,0,0,0,0,0,6226,34360,12486,68682,,,,
1416293801.57249,pg_catalog,pg_inherits,0,0,1226,0,0,0,0,0,0,0,0,0,605,621,,,,
1416293801.57249,pg_toast,pg_toast_2606,0,0,0,0,0,0,0,0,0,0,0,0,0,0,,,,
1416293801.57249,pg_toast,pg_toast_2964,0,0,0,0,0,0,0,0,0,0,0,0,0,0,,,,
1416293801.57249,pg_catalog,pg_database,10392,40908,228564,228562,1,0,0,0,1,0,8160,230795,36883,307715,,,,
1416293801.57249,pg_toast,pg_toast_2620,0,0,0,0,0,0,0,0,0,0,0,0,0,0,,,,
1416293801.57249,pg_toast,pg_toast_12213,0,0,0,0,0,0,0,0,0,0,0,0,0,0,,,,
1416293801.57249,pg_catalog,pg_amproc,796,1592,207023,307765,0,0,0,0,0,0,9924,194214,26704,442024,,,,
1416293801.57249,public,partsupp,3,24000000,0,0,8000000,0,0,0,8000000,0,340611,954509,0,0,,,,
1416293801.57249,pg_catalog,pg_collation,0,0,0,0,0,0,0,0,0,0,0,0,0,0,,,,
1416293801.57249,pg_catalog,pg_constraint,0,0,455,224,231,0,224,0,9,0,130,1291,234,2309,0,0,0,0
1416293801.57249,pg_catalog,pg_range,0,0,8666,0,0,0,0,0,0,0,0,0,7473,9859,,,,
1416293801.57249,pg_catalog,pg_user_mapping,0,0,0,0,0,0,0,0,0,0,0,0,0,0,,,,
1416293801.57249,pg_catalog,pg_largeobject,0,0,0,0,0,0,0,0,0,0,0,0,0,0,,,,
1416293801.57249,pg_catalog,pg_namespace,7715,227400,609435,558139,40,0,0,0,40,0,6817,559138,18242,649749,,,,
1416293801.57249,pg_catalog,pg_authid,3853,3853,103191,103191,0,0,0,0,0,0,7005,100039,26066,180316,,,,
1416293801.57249,public,time_statistics,0,0,,,1,0,0,0,1,0,1,0,,,,,,
1416293801.57249,pg_toast,pg_toast_12193,0,0,0,0,0,0,0,0,0,0,0,0,0,0,,,,
1416293801.57249,pg_catalog,pg_index,17403,2006279,464777,664155,1107,0,1087,0,130,39,30281,662712,28532,527712,,,,
1416293801.57249,pg_catalog,pg_ts_dict,0,0,0,0,0,0,0,0,0,0,0,0,0,0,,,,
1416293801.57249,information_schema,sql_features,0,0,,,0,0,0,0,0,0,0,0,,,0,0,0,0
1416293801.57249,pg_catalog,pg_class,43436,10739208,1851423,1779996,2343,633,2313,613,318,61,74524,2129236,61085,3741240,,,,
1416293801.57249,pg_toast,pg_toast_12183,0,0,0,0,0,0,0,0,0,0,0,0,0,0,,,,
1416293801.57249,information_schema,sql_sizing_profiles,0,0,,,0,0,0,0,0,0,0,0,,,0,0,0,0
1416293801.57249,pg_toast,pg_toast_2396,0,0,0,0,0,0,0,0,0,0,0,0,0,0,,,,
1416293801.57249,pg_catalog,pg_enum,0,0,0,0,0,0,0,0,0,0,0,0,0,0,,,,
1416293801.57249,pg_catalog,pg_db_role_setting,0,0,174213,0,0,0,0,0,0,0,0,0,8026,166187,0,0,0,0
1416293801.57249,public,customer,6,9000000,0,0,1500000,0,0,0,1500000,0,68533,294857,0,0,,,,
1416293801.57249,pg_catalog,pg_seclabel,0,0,5593,0,0,0,0,0,0,0,0,0,613,4980,0,0,0,0
1416293801.57249,pg_toast,pg_toast_2609,0,0,0,0,0,0,0,0,0,0,0,0,0,0,,,,
1416293801.57249,pg_toast,pg_toast_1255,0,0,0,0,0,0,0,0,0,0,0,0,0,0,,,,
1416293801.57249,pg_catalog,pg_rewrite,0,0,29399,27500,633,0,633,0,106,22,13039,19566,5573,44725,10643,15043,4086,18052
1416293801.57249,pg_catalog,pg_ts_config,0,0,0,0,0,0,0,0,0,0,0,0,0,0,,,,
1416293801.57249,pg_catalog,pg_extension,0,0,0,0,0,0,0,0,0,0,0,0,0,0,,,,
1416293801.57249,pg_catalog,pg_amop,0,0,426686,600198,0,0,0,0,0,0,20915,579283,35752,884346,,,,
1416293801.57249,pg_catalog,pg_cast,0,0,1400535,375898,0,0,0,0,0,0,9106,366792,11545,1438934,,,,
1416293801.57249,pg_toast,pg_toast_2619,0,0,70238,231096,3157,0,2948,0,227,8,20394,94642,2227,140815,,,,
1416293801.57249,pg_toast,pg_toast_2604,0,0,0,0,0,0,0,0,0,0,0,0,0,0,,,,
1416293801.57249,public,orders,4,60000000,0,0,15000000,0,0,0,15000000,0,504554,1558780,0,0,,,,
1416293861.57382,public,part,6,12000000,0,0,2000000,0,0,0,2000000,0,79007,327715,0,0,,,,
1416293861.57382,pg_catalog,pg_auth_members,0,0,0,0,0,0,0,0,0,0,0,0,0,0,,,,
1416293861.57382,pg_catalog,pg_operator,0,0,333689,1490651,0,0,0,0,0,0,61783,1006036,46921,698003,,,,
1416293861.57382,pg_catalog,pg_aggregate,0,0,22571,22571,0,0,0,0,0,0,4759,17812,9602,30492,,,,
1416293861.57382,pg_catalog,pg_pltemplate,0,0,0,0,0,0,0,0,0,0,0,0,0,0,,,,
1416293861.57382,pg_toast,pg_toast_12188,0,0,0,0,0,0,0,0,0,0,0,0,0,0,,,,
1416293861.57382,pg_catalog,pg_description,0,0,5593,0,0,0,0,0,0,0,0,0,1969,10443,0,0,0,0
1416293861.57382,pg_catalog,pg_language,0,0,0,0,0,0,0,0,0,0,0,0,0,0,,,,
1416293861.57382,pg_catalog,pg_ts_parser,0,0,0,0,0,0,0,0,0,0,0,0,0,0,,,,
1416293861.57382,pg_catalog,pg_shseclabel,0,0,0,0,0,0,0,0,0,0,0,0,0,0,,,,
1416293861.57382,pg_catalog,pg_foreign_table,0,0,0,0,0,0,0,0,0,0,0,0,0,0,,,,
1416293861.57382,information_schema,sql_packages,0,0,,,0,0,0,0,0,0,0,0,,,0,0,0,0
1416293861.57382,information_schema,sql_parts,0,0,,,0,0,0,0,0,0,0,0,,,0,0,0,0
1416293861.57382,pg_catalog,pg_attrdef,0,0,0,0,0,0,0,0,0,0,0,0,0,0,0,0,0,0
1416293861.57382,pg_catalog,pg_ts_template,0,0,0,0,0,0,0,0,0,0,0,0,0,0,,,,
1416293861.57382,pg_catalog,pg_foreign_server,0,0,0,0,0,0,0,0,0,0,0,0,0,0,,,,
1416293861.57382,pg_catalog,pg_default_acl,0,0,4944,0,0,0,0,0,0,0,0,0,564,4380,,,,
1416293861.57382,pg_toast,pg_toast_12198,0,0,0,0,0,0,0,0,0,0,0,0,0,0,,,,
1416293861.57382,pg_toast,pg_toast_12208,0,0,0,0,0,0,0,0,0,0,0,0,0,0,,,,
1416293861.57382,pg_catalog,pg_attribute,4378,29054,1267478,2538402,8972,288,8808,252,2411,8,102158,1264435,45635,2587531,,,,
1416293861.57382,public,lineitem,0,0,,,59986052,0,0,0,59986052,0,1065680,2307885,,,,,,
1416293861.57382,pg_catalog,pg_statistic,0,0,300566,243526,2028,5145,1981,4622,431,85,44570,214096,21408,626282,20394,94648,2227,140833
1416293861.57382,pg_toast,pg_toast_12203,0,0,0,0,0,0,0,0,0,0,0,0,0,0,,,,
1416293861.57382,pg_toast,pg_toast_2618,0,0,14710,47765,0,0,0,0,0,0,10643,15057,4086,18064,,,,
1416293861.57382,pg_toast,pg_toast_3596,0,0,0,0,0,0,0,0,0,0,0,0,0,0,,,,
1416293861.57382,public,nation,2,50,0,0,25,0,0,0,25,0,1,3,0,0,,,,
1416293861.57382,pg_catalog,pg_depend,0,0,51833,55795,9527,0,9458,0,5612,116,9454,65813,15883,132198,,,,
1416293861.57382,public,supplier,4,400000,0,0,100000,0,0,0,100000,0,2312,15648,0,0,,,,
1416293861.57382,information_schema,sql_languages,0,0,,,0,0,0,0,0,0,0,0,,,0,0,0,0
1416293861.57382,public,region,2,10,0,0,5,0,0,0,5,0,1,3,0,0,,,,
1416293861.57382,pg_catalog,pg_opclass,796,796,269322,2913898,0,0,0,0,0,0,13347,1006395,26360,322322,,,,
1416293861.57382,pg_catalog,pg_proc,0,0,543599,800615,0,0,0,0,0,0,79110,541358,72360,1133885,0,0,0,0
1416293861.57382,information_schema,sql_implementation_info,0,0,,,0,0,0,0,0,0,0,0,,,0,0,0,0
1416293861.57382,pg_catalog,pg_trigger,0,0,0,0,0,0,0,0,0,0,0,0,0,0,0,0,0,0
1416293861.57382,pg_catalog,pg_am,55808,55808,0,0,0,0,0,0,0,0,7819,47989,0,0,,,,
1416293861.57382,pg_catalog,pg_largeobject_metadata,0,0,0,0,0,0,0,0,0,0,0,0,0,0,,,,
1416293861.57382,pg_catalog,pg_ts_config_map,0,0,0,0,0,0,0,0,0,0,0,0,0,0,,,,
1416293861.57382,pg_catalog,pg_type,0,0,1098600,1089599,2442,0,2423,0,349,0,24967,1075493,31541,2218264,,,,
1416293861.57382,pg_catalog,pg_shdepend,0,0,6871,1277,0,0,0,0,0,0,595,682,2533,6802,,,,
1416293861.57382,information_schema,sql_sizing,0,0,,,0,0,0,0,0,0,0,0,,,0,0,0,0
1416293861.57382,pg_catalog,pg_conversion,0,0,0,0,0,0,0,0,0,0,0,0,0,0,,,,
1416293861.57382,pg_catalog,pg_foreign_data_wrapper,0,0,0,0,0,0,0,0,0,0,0,0,0,0,,,,
1416293861.57382,pg_catalog,pg_opfamily,0,0,0,0,0,0,0,0,0,0,0,0,0,0,,,,
1416293861.57382,pg_catalog,pg_shdescription,0,0,0,0,0,0,0,0,0,0,0,0,0,0,0,0,0,0
1416293861.57382,pg_catalog,pg_tablespace,2,4,40594,40594,0,0,0,0,0,0,6226,34370,12486,68702,,,,
1416293861.57382,pg_catalog,pg_inherits,0,0,1226,0,0,0,0,0,0,0,0,0,605,621,,,,
1416293861.57382,pg_toast,pg_toast_2606,0,0,0,0,0,0,0,0,0,0,0,0,0,0,,,,
1416293861.57382,pg_toast,pg_toast_2964,0,0,0,0,0,0,0,0,0,0,0,0,0,0,,,,
1416293861.57382,pg_catalog,pg_database,10396,40924,228645,228643,1,0,0,0,1,0,8160,230880,36883,307836,,,,
1416293861.57382,pg_toast,pg_toast_2620,0,0,0,0,0,0,0,0,0,0,0,0,0,0,,,,
1416293861.57382,pg_toast,pg_toast_12213,0,0,0,0,0,0,0,0,0,0,0,0,0,0,,,,
1416293861.57382,pg_catalog,pg_amproc,796,1592,207062,307829,0,0,0,0,0,0,9924,194253,26704,442121,,,,
1416293861.57382,public,partsupp,3,24000000,0,0,8000000,0,0,0,8000000,0,340611,954509,0,0,,,,
1416293861.57382,pg_catalog,pg_collation,0,0,0,0,0,0,0,0,0,0,0,0,0,0,,,,
1416293861.57382,pg_catalog,pg_constraint,0,0,455,224,231,0,224,0,9,0,130,1291,234,2309,0,0,0,0
1416293861.57382,pg_catalog,pg_range,0,0,8666,0,0,0,0,0,0,0,0,0,7473,9859,,,,
1416293861.57382,pg_catalog,pg_user_mapping,0,0,0,0,0,0,0,0,0,0,0,0,0,0,,,,
1416293861.57382,pg_catalog,pg_largeobject,0,0,0,0,0,0,0,0,0,0,0,0,0,0,,,,
1416293861.57382,pg_catalog,pg_namespace,7719,227584,609728,558421,40,0,0,0,40,0,6817,559424,18242,650056,,,,
1416293861.57382,pg_catalog,pg_authid,3855,3855,103227,103227,0,0,0,0,0,0,7005,100077,26066,180388,,,,
1416293861.57382,public,time_statistics,0,0,,,1,0,0,0,1,0,1,0,,,,,,
1416293861.57382,pg_toast,pg_toast_12193,0,0,0,0,0,0,0,0,0,0,0,0,0,0,,,,
1416293861.57382,pg_catalog,pg_index,17411,2007319,464852,664250,1107,0,1087,0,130,39,30281,662827,28532,527816,,,,
1416293861.57382,pg_catalog,pg_ts_dict,0,0,0,0,0,0,0,0,0,0,0,0,0,0,,,,
1416293861.57382,information_schema,sql_features,0,0,,,0,0,0,0,0,0,0,0,,,0,0,0,0
1416293861.57382,pg_catalog,pg_class,43454,10744379,1852080,1780652,2343,633,2313,613,318,61,74524,2130074,61085,3742586,,,,
1416293861.57382,pg_toast,pg_toast_12183,0,0,0,0,0,0,0,0,0,0,0,0,0,0,,,,
1416293861.57382,information_schema,sql_sizing_profiles,0,0,,,0,0,0,0,0,0,0,0,,,0,0,0,0
1416293861.57382,pg_toast,pg_toast_2396,0,0,0,0,0,0,0,0,0,0,0,0,0,0,,,,
1416293861.57382,pg_catalog,pg_enum,0,0,0,0,0,0,0,0,0,0,0,0,0,0,,,,
1416293861.57382,pg_catalog,pg_db_role_setting,0,0,174273,0,0,0,0,0,0,0,0,0,8026,166247,0,0,0,0
1416293861.57382,public,customer,6,9000000,0,0,1500000,0,0,0,1500000,0,68533,294857,0,0,,,,
1416293861.57382,pg_catalog,pg_seclabel,0,0,5593,0,0,0,0,0,0,0,0,0,613,4980,0,0,0,0
1416293861.57382,pg_toast,pg_toast_2609,0,0,0,0,0,0,0,0,0,0,0,0,0,0,,,,
1416293861.57382,pg_toast,pg_toast_1255,0,0,0,0,0,0,0,0,0,0,0,0,0,0,,,,
1416293861.57382,pg_catalog,pg_rewrite,0,0,29413,27514,633,0,633,0,106,22,13039,19580,5573,44749,10643,15057,4086,18064
1416293861.57382,pg_catalog,pg_ts_config,0,0,0,0,0,0,0,0,0,0,0,0,0,0,,,,
1416293861.57382,pg_catalog,pg_extension,0,0,0,0,0,0,0,0,0,0,0,0,0,0,,,,
1416293861.57382,pg_catalog,pg_amop,0,0,426752,600280,0,0,0,0,0,0,20915,579365,35752,884494,,,,
1416293861.57382,pg_catalog,pg_cast,0,0,1400671,375954,0,0,0,0,0,0,9106,366848,11545,1439080,,,,
1416293861.57382,pg_toast,pg_toast_2619,0,0,70244,231108,3157,0,2948,0,227,8,20394,94648,2227,140833,,,,
1416293861.57382,pg_toast,pg_toast_2604,0,0,0,0,0,0,0,0,0,0,0,0,0,0,,,,
1416293861.57382,public,orders,4,60000000,0,0,15000000,0,0,0,15000000,0,504554,1558780,0,0,,,,
1416293921.57979,public,part,6,12000000,0,0,2000000,0,0,0,2000000,0,79007,327715,0,0,,,,
1416293921.57979,pg_catalog,pg_auth_members,0,0,0,0,0,0,0,0,0,0,0,0,0,0,,,,
1416293921.57979,pg_catalog,pg_operator,0,0,333729,1490691,0,0,0,0,0,0,61783,1006076,46922,698104,,,,
1416293921.57979,pg_catalog,pg_aggregate,0,0,22573,22573,0,0,0,0,0,0,4759,17814,9602,30496,,,,
1416293921.57979,pg_catalog,pg_pltemplate,0,0,0,0,0,0,0,0,0,0,0,0,0,0,,,,
1416293921.57979,pg_toast,pg_toast_12188,0,0,0,0,0,0,0,0,0,0,0,0,0,0,,,,
1416293921.57979,pg_catalog,pg_description,0,0,5593,0,0,0,0,0,0,0,0,0,1969,10443,0,0,0,0
1416293921.57979,pg_catalog,pg_language,0,0,0,0,0,0,0,0,0,0,0,0,0,0,,,,
1416293921.57979,pg_catalog,pg_ts_parser,0,0,0,0,0,0,0,0,0,0,0,0,0,0,,,,
1416293921.57979,pg_catalog,pg_shseclabel,0,0,0,0,0,0,0,0,0,0,0,0,0,0,,,,
1416293921.57979,pg_catalog,pg_foreign_table,0,0,0,0,0,0,0,0,0,0,0,0,0,0,,,,
1416293921.57979,information_schema,sql_packages,0,0,,,0,0,0,0,0,0,0,0,,,0,0,0,0
1416293921.57979,information_schema,sql_parts,0,0,,,0,0,0,0,0,0,0,0,,,0,0,0,0
1416293921.57979,pg_catalog,pg_attrdef,0,0,0,0,0,0,0,0,0,0,0,0,0,0,0,0,0,0
1416293921.57979,pg_catalog,pg_ts_template,0,0,0,0,0,0,0,0,0,0,0,0,0,0,,,,
1416293921.57979,pg_catalog,pg_foreign_server,0,0,0,0,0,0,0,0,0,0,0,0,0,0,,,,
1416293921.57979,pg_catalog,pg_default_acl,0,0,4944,0,0,0,0,0,0,0,0,0,564,4380,,,,
1416293921.57979,pg_toast,pg_toast_12198,0,0,0,0,0,0,0,0,0,0,0,0,0,0,,,,
1416293921.57979,pg_toast,pg_toast_12208,0,0,0,0,0,0,0,0,0,0,0,0,0,0,,,,
1416293921.57979,pg_catalog,pg_attribute,4378,29054,1267891,2539223,8975,288,8808,252,2414,8,102158,1264862,45635,2588383,,,,
1416293921.57979,public,lineitem,3,179958156,0,0,59986052,0,0,0,59986052,0,2938447,3631369,0,0,,,,
1416293921.57979,pg_catalog,pg_statistic,0,0,300616,243564,2028,5145,1981,4622,431,85,44570,214134,21408,626392,20394,94654,2227,140851
1416293921.57979,pg_toast,pg_toast_12203,0,0,0,0,0,0,0,0,0,0,0,0,0,0,,,,
1416293921.57979,pg_toast,pg_toast_2618,0,0,14718,47791,0,0,0,0,0,0,10643,15071,4086,18076,,,,
1416293921.57979,pg_toast,pg_toast_3596,0,0,0,0,0,0,0,0,0,0,0,0,0,0,,,,
1416293921.57979,public,nation,2,50,0,0,25,0,0,0,25,0,1,3,0,0,,,,
1416293921.57979,pg_catalog,pg_depend,0,0,51849,55811,9536,0,9458,0,5621,116,9455,65846,15883,132272,,,,
1416293921.57979,public,supplier,4,400000,0,0,100000,0,0,0,100000,0,2312,15648,0,0,,,,
1416293921.57979,information_schema,sql_languages,0,0,,,0,0,0,0,0,0,0,0,,,0,0,0,0
1416293921.57979,public,region,2,10,0,0,5,0,0,0,5,0,1,3,0,0,,,,
1416293921.57979,pg_catalog,pg_opclass,796,796,269364,2914372,0,0,0,0,0,0,13347,1006539,26360,322384,,,,
1416293921.57979,pg_catalog,pg_proc,0,0,543754,800840,0,0,0,0,0,0,79111,541542,72360,1134228,0,0,0,0
1416293921.57979,information_schema,sql_implementation_info,0,0,,,0,0,0,0,0,0,0,0,,,0,0,0,0
1416293921.57979,pg_catalog,pg_trigger,0,0,0,0,0,0,0,0,0,0,0,0,0,0,0,0,0,0
1416293921.57979,pg_catalog,pg_am,55822,55822,0,0,0,0,0,0,0,0,7819,48003,0,0,,,,
1416293921.57979,pg_catalog,pg_largeobject_metadata,0,0,0,0,0,0,0,0,0,0,0,0,0,0,,,,
1416293921.57979,pg_catalog,pg_ts_config_map,0,0,0,0,0,0,0,0,0,0,0,0,0,0,,,,
1416293921.57979,pg_catalog,pg_type,0,0,1098787,1089786,2442,0,2423,0,349,0,24967,1075680,31541,2218651,,,,
1416293921.57979,pg_catalog,pg_shdepend,0,0,6871,1277,0,0,0,0,0,0,595,682,2533,6802,,,,
1416293921.57979,information_schema,sql_sizing,0,0,,,0,0,0,0,0,0,0,0,,,0,0,0,0
1416293921.57979,pg_catalog,pg_conversion,0,0,0,0,0,0,0,0,0,0,0,0,0,0,,,,
1416293921.57979,pg_catalog,pg_foreign_data_wrapper,0,0,0,0,0,0,0,0,0,0,0,0,0,0,,,,
1416293921.57979,pg_catalog,pg_opfamily,0,0,0,0,0,0,0,0,0,0,0,0,0,0,,,,
1416293921.57979,pg_catalog,pg_shdescription,0,0,0,0,0,0,0,0,0,0,0,0,0,0,0,0,0,0
1416293921.57979,pg_catalog,pg_tablespace,2,4,40604,40604,0,0,0,0,0,0,6226,34380,12486,68722,,,,
1416293921.57979,pg_catalog,pg_inherits,0,0,1226,0,0,0,0,0,0,0,0,0,605,621,,,,
1416293921.57979,pg_toast,pg_toast_2606,0,0,0,0,0,0,0,0,0,0,0,0,0,0,,,,
1416293921.57979,pg_toast,pg_toast_2964,0,0,0,0,0,0,0,0,0,0,0,0,0,0,,,,
1416293921.57979,pg_catalog,pg_database,10400,40940,228706,228704,1,0,0,0,1,0,8160,230945,36883,307921,,,,
1416293921.57979,pg_toast,pg_toast_2620,0,0,0,0,0,0,0,0,0,0,0,0,0,0,,,,
1416293921.57979,pg_toast,pg_toast_12213,0,0,0,0,0,0,0,0,0,0,0,0,0,0,,,,
1416293921.57979,pg_catalog,pg_amproc,796,1592,207096,307883,0,0,0,0,0,0,9924,194287,26704,442200,,,,
1416293921.57979,public,partsupp,3,24000000,0,0,8000000,0,0,0,8000000,0,340611,954509,0,0,,,,
1416293921.57979,pg_catalog,pg_collation,0,0,0,0,0,0,0,0,0,0,0,0,0,0,,,,
1416293921.57979,pg_catalog,pg_constraint,0,0,455,224,231,0,224,0,9,0,130,1291,234,2309,0,0,0,0
1416293921.57979,pg_catalog,pg_range,0,0,8666,0,0,0,0,0,0,0,0,0,7473,9859,,,,
1416293921.57979,pg_catalog,pg_user_mapping,0,0,0,0,0,0,0,0,0,0,0,0,0,0,,,,
1416293921.57979,pg_catalog,pg_largeobject,0,0,0,0,0,0,0,0,0,0,0,0,0,0,,,,
1416293921.57979,pg_catalog,pg_namespace,7723,227768,610028,558708,40,0,0,0,40,0,6817,559715,18242,650372,,,,
1416293921.57979,pg_catalog,pg_authid,3857,3857,103247,103247,0,0,0,0,0,0,7005,100099,26066,180428,,,,
1416293921.57979,public,time_statistics,0,0,,,1,0,0,0,1,0,1,0,,,,,,
1416293921.57979,pg_toast,pg_toast_12193,0,0,0,0,0,0,0,0,0,0,0,0,0,0,,,,
1416293921.57979,pg_catalog,pg_index,17419,2008371,464943,664373,1110,0,1087,0,133,39,30281,662970,28532,527937,,,,
1416293921.57979,pg_catalog,pg_ts_dict,0,0,0,0,0,0,0,0,0,0,0,0,0,0,,,,
1416293921.57979,information_schema,sql_features,0,0,,,0,0,0,0,0,0,0,0,,,0,0,0,0
1416293921.57979,pg_catalog,pg_class,43472,10749575,1852770,1781333,2346,633,2313,613,321,61,74524,2130956,61085,3744004,,,,
1416293921.57979,pg_toast,pg_toast_12183,0,0,0,0,0,0,0,0,0,0,0,0,0,0,,,,
1416293921.57979,information_schema,sql_sizing_profiles,0,0,,,0,0,0,0,0,0,0,0,,,0,0,0,0
1416293921.57979,pg_toast,pg_toast_2396,0,0,0,0,0,0,0,0,0,0,0,0,0,0,,,,
1416293921.57979,pg_catalog,pg_enum,0,0,0,0,0,0,0,0,0,0,0,0,0,0,,,,
1416293921.57979,pg_catalog,pg_db_role_setting,0,0,174309,0,0,0,0,0,0,0,0,0,8026,166283,0,0,0,0
1416293921.57979,public,customer,6,9000000,0,0,1500000,0,0,0,1500000,0,68533,294857,0,0,,,,
1416293921.57979,pg_catalog,pg_seclabel,0,0,5593,0,0,0,0,0,0,0,0,0,613,4980,0,0,0,0
1416293921.57979,pg_toast,pg_toast_2609,0,0,0,0,0,0,0,0,0,0,0,0,0,0,,,,
1416293921.57979,pg_toast,pg_toast_1255,0,0,0,0,0,0,0,0,0,0,0,0,0,0,,,,
1416293921.57979,pg_catalog,pg_rewrite,0,0,29427,27528,633,0,633,0,106,22,13039,19594,5573,44773,10643,15071,4086,18076
1416293921.57979,pg_catalog,pg_ts_config,0,0,0,0,0,0,0,0,0,0,0,0,0,0,,,,
1416293921.57979,pg_catalog,pg_extension,0,0,0,0,0,0,0,0,0,0,0,0,0,0,,,,
1416293921.57979,pg_catalog,pg_amop,0,0,426818,600362,0,0,0,0,0,0,20915,579447,35752,884642,,,,
1416293921.57979,pg_catalog,pg_cast,0,0,1400846,376031,0,0,0,0,0,0,9106,366925,11545,1439268,,,,
1416293921.57979,pg_toast,pg_toast_2619,0,0,70250,231120,3157,0,2948,0,227,8,20394,94654,2227,140851,,,,
1416293921.57979,pg_toast,pg_toast_2604,0,0,0,0,0,0,0,0,0,0,0,0,0,0,,,,
1416293921.57979,public,orders,4,60000000,0,0,15000000,0,0,0,15000000,0,504554,1558780,0,0,,,,
1416293981.57769,public,part,6,12000000,0,0,2000000,0,0,0,2000000,0,79007,327715,0,0,,,,
1416293981.57769,pg_catalog,pg_auth_members,0,0,0,0,0,0,0,0,0,0,0,0,0,0,,,,
1416293981.57769,pg_catalog,pg_operator,0,0,333763,1490725,0,0,0,0,0,0,61783,1006110,46922,698188,,,,
1416293981.57769,pg_catalog,pg_aggregate,0,0,22575,22575,0,0,0,0,0,0,4759,17816,9602,30500,,,,
1416293981.57769,pg_catalog,pg_pltemplate,0,0,0,0,0,0,0,0,0,0,0,0,0,0,,,,
1416293981.57769,pg_toast,pg_toast_12188,0,0,0,0,0,0,0,0,0,0,0,0,0,0,,,,
1416293981.57769,pg_catalog,pg_description,0,0,5593,0,0,0,0,0,0,0,0,0,1969,10443,0,0,0,0
1416293981.57769,pg_catalog,pg_language,0,0,0,0,0,0,0,0,0,0,0,0,0,0,,,,
1416293981.57769,pg_catalog,pg_ts_parser,0,0,0,0,0,0,0,0,0,0,0,0,0,0,,,,
1416293981.57769,pg_catalog,pg_shseclabel,0,0,0,0,0,0,0,0,0,0,0,0,0,0,,,,
1416293981.57769,pg_catalog,pg_foreign_table,0,0,0,0,0,0,0,0,0,0,0,0,0,0,,,,
1416293981.57769,information_schema,sql_packages,0,0,,,0,0,0,0,0,0,0,0,,,0,0,0,0
1416293981.57769,information_schema,sql_parts,0,0,,,0,0,0,0,0,0,0,0,,,0,0,0,0
1416293981.57769,pg_catalog,pg_attrdef,0,0,0,0,0,0,0,0,0,0,0,0,0,0,0,0,0,0
1416293981.57769,pg_catalog,pg_ts_template,0,0,0,0,0,0,0,0,0,0,0,0,0,0,,,,
1416293981.57769,pg_catalog,pg_foreign_server,0,0,0,0,0,0,0,0,0,0,0,0,0,0,,,,
1416293981.57769,pg_catalog,pg_default_acl,0,0,4944,0,0,0,0,0,0,0,0,0,564,4380,,,,
1416293981.57769,pg_toast,pg_toast_12198,0,0,0,0,0,0,0,0,0,0,0,0,0,0,,,,
1416293981.57769,pg_toast,pg_toast_12208,0,0,0,0,0,0,0,0,0,0,0,0,0,0,,,,
1416293981.57769,pg_catalog,pg_attribute,4378,29054,1268296,2540058,8979,288,8808,252,2418,8,102158,1265279,45635,2589222,,,,
1416293981.57769,public,lineitem,5,299930260,0,0,59986052,0,0,0,59986052,0,4650244,4050406,0,0,,,,
1416293981.57769,pg_catalog,pg_statistic,0,0,300666,243602,2028,5145,1981,4622,431,85,44570,214172,21408,626502,20394,94660,2227,140869
1416293981.57769,pg_toast,pg_toast_12203,0,0,0,0,0,0,0,0,0,0,0,0,0,0,,,,
1416293981.57769,pg_toast,pg_toast_2618,0,0,14726,47817,0,0,0,0,0,0,10643,15085,4086,18088,,,,
1416293981.57769,pg_toast,pg_toast_3596,0,0,0,0,0,0,0,0,0,0,0,0,0,0,,,,
1416293981.57769,public,nation,2,50,0,0,25,0,0,0,25,0,1,3,0,0,,,,
1416293981.57769,pg_catalog,pg_depend,0,0,51857,55819,9540,0,9458,0,5625,116,9455,65864,15883,132308,,,,
1416293981.57769,public,supplier,4,400000,0,0,100000,0,0,0,100000,0,2312,15648,0,0,,,,
1416293981.57769,information_schema,sql_languages,0,0,,,0,0,0,0,0,0,0,0,,,0,0,0,0
1416293981.57769,public,region,2,10,0,0,5,0,0,0,5,0,1,3,0,0,,,,
1416293981.57769,pg_catalog,pg_opclass,796,796,269407,2914887,0,0,0,0,0,0,13347,1006692,26360,322446,,,,
1416293981.57769,pg_catalog,pg_proc,0,0,543906,801062,0,0,0,0,0,0,79111,541724,72360,1134562,0,0,0,0
1416293981.57769,information_schema,sql_implementation_info,0,0,,,0,0,0,0,0,0,0,0,,,0,0,0,0
1416293981.57769,pg_catalog,pg_trigger,0,0,0,0,0,0,0,0,0,0,0,0,0,0,0,0,0,0
1416293981.57769,pg_catalog,pg_am,55835,55835,0,0,0,0,0,0,0,0,7819,48016,0,0,,,,
1416293981.57769,pg_catalog,pg_largeobject_metadata,0,0,0,0,0,0,0,0,0,0,0,0,0,0,,,,
1416293981.57769,pg_catalog,pg_ts_config_map,0,0,0,0,0,0,0,0,0,0,0,0,0,0,,,,
1416293981.57769,pg_catalog,pg_type,0,0,1098970,1089969,2442,0,2423,0,349,0,24967,1075863,31541,2219029,,,,
1416293981.57769,pg_catalog,pg_shdepend,0,0,6871,1277,0,0,0,0,0,0,595,682,2533,6802,,,,
1416293981.57769,information_schema,sql_sizing,0,0,,,0,0,0,0,0,0,0,0,,,0,0,0,0
1416293981.57769,pg_catalog,pg_conversion,0,0,0,0,0,0,0,0,0,0,0,0,0,0,,,,
1416293981.57769,pg_catalog,pg_foreign_data_wrapper,0,0,0,0,0,0,0,0,0,0,0,0,0,0,,,,
1416293981.57769,pg_catalog,pg_opfamily,0,0,0,0,0,0,0,0,0,0,0,0,0,0,,,,
1416293981.57769,pg_catalog,pg_shdescription,0,0,0,0,0,0,0,0,0,0,0,0,0,0,0,0,0,0
1416293981.57769,pg_catalog,pg_tablespace,2,4,40614,40614,0,0,0,0,0,0,6226,34390,12486,68742,,,,
1416293981.57769,pg_catalog,pg_inherits,0,0,1226,0,0,0,0,0,0,0,0,0,605,621,,,,
1416293981.57769,pg_toast,pg_toast_2606,0,0,0,0,0,0,0,0,0,0,0,0,0,0,,,,
1416293981.57769,pg_toast,pg_toast_2964,0,0,0,0,0,0,0,0,0,0,0,0,0,0,,,,
1416293981.57769,pg_catalog,pg_database,10404,40956,228762,228760,1,0,0,0,1,0,8160,231005,36883,308001,,,,
1416293981.57769,pg_toast,pg_toast_2620,0,0,0,0,0,0,0,0,0,0,0,0,0,0,,,,
1416293981.57769,pg_toast,pg_toast_12213,0,0,0,0,0,0,0,0,0,0,0,0,0,0,,,,
1416293981.57769,pg_catalog,pg_amproc,796,1592,207130,307937,0,0,0,0,0,0,9924,194321,26704,442279,,,,
1416293981.57769,public,partsupp,3,24000000,0,0,8000000,0,0,0,8000000,0,340611,954509,0,0,,,,
1416293981.57769,pg_catalog,pg_collation,0,0,0,0,0,0,0,0,0,0,0,0,0,0,,,,
1416293981.57769,pg_catalog,pg_constraint,0,0,455,224,231,0,224,0,9,0,130,1291,234,2309,0,0,0,0
1416293981.57769,pg_catalog,pg_range,0,0,8666,0,0,0,0,0,0,0,0,0,7473,9859,,,,
1416293981.57769,pg_catalog,pg_user_mapping,0,0,0,0,0,0,0,0,0,0,0,0,0,0,,,,
1416293981.57769,pg_catalog,pg_largeobject,0,0,0,0,0,0,0,0,0,0,0,0,0,0,,,,
1416293981.57769,pg_catalog,pg_namespace,7727,227952,610331,558999,40,0,0,0,40,0,6817,560010,18242,650690,,,,
1416293981.57769,pg_catalog,pg_authid,3859,3859,103267,103267,0,0,0,0,0,0,7005,100121,26066,180468,,,,
1416293981.57769,public,time_statistics,0,0,,,1,0,0,0,1,0,1,0,,,,,,
1416293981.57769,pg_toast,pg_toast_12193,0,0,0,0,0,0,0,0,0,0,0,0,0,0,,,,
1416293981.57769,pg_catalog,pg_index,17427,2009443,465026,664484,1112,0,1087,0,135,39,30281,663101,28532,528047,,,,
1416293981.57769,pg_catalog,pg_ts_dict,0,0,0,0,0,0,0,0,0,0,0,0,0,0,,,,
1416293981.57769,information_schema,sql_features,0,0,,,0,0,0,0,0,0,0,0,,,0,0,0,0
1416293981.57769,pg_catalog,pg_class,43490,10754812,1853460,1782017,2348,633,2313,613,323,61,74524,2131834,61085,3745417,,,,
1416293981.57769,pg_toast,pg_toast_12183,0,0,0,0,0,0,0,0,0,0,0,0,0,0,,,,
1416293981.57769,information_schema,sql_sizing_profiles,0,0,,,0,0,0,0,0,0,0,0,,,0,0,0,0
1416293981.57769,pg_toast,pg_toast_2396,0,0,0,0,0,0,0,0,0,0,0,0,0,0,,,,
1416293981.57769,pg_catalog,pg_enum,0,0,0,0,0,0,0,0,0,0,0,0,0,0,,,,
1416293981.57769,pg_catalog,pg_db_role_setting,0,0,174345,0,0,0,0,0,0,0,0,0,8026,166319,0,0,0,0
1416293981.57769,public,customer,6,9000000,0,0,1500000,0,0,0,1500000,0,68533,294857,0,0,,,,
1416293981.57769,pg_catalog,pg_seclabel,0,0,5593,0,0,0,0,0,0,0,0,0,613,4980,0,0,0,0
1416293981.57769,pg_toast,pg_toast_2609,0,0,0,0,0,0,0,0,0,0,0,0,0,0,,,,
1416293981.57769,pg_toast,pg_toast_1255,0,0,0,0,0,0,0,0,0,0,0,0,0,0,,,,
1416293981.57769,pg_catalog,pg_rewrite,0,0,29441,27542,633,0,633,0,106,22,13039,19608,5573,44797,10643,15085,4086,18088
1416293981.57769,pg_catalog,pg_ts_config,0,0,0,0,0,0,0,0,0,0,0,0,0,0,,,,
1416293981.57769,pg_catalog,pg_extension,0,0,0,0,0,0,0,0,0,0,0,0,0,0,,,,
1416293981.57769,pg_catalog,pg_amop,0,0,426884,600444,0,0,0,0,0,0,20915,579529,35752,884790,,,,
1416293981.57769,pg_catalog,pg_cast,0,0,1401015,376101,0,0,0,0,0,0,9106,366995,11545,1439449,,,,
1416293981.57769,pg_toast,pg_toast_2619,0,0,70256,231132,3157,0,2948,0,227,8,20394,94660,2227,140869,,,,
1416293981.57769,pg_toast,pg_toast_2604,0,0,0,0,0,0,0,0,0,0,0,0,0,0,,,,
1416293981.57769,public,orders,4,60000000,0,0,15000000,0,0,0,15000000,0,504554,1558780,0,0,,,,
1416294041.5798,public,part,6,12000000,0,0,2000000,0,0,0,2000000,0,79007,327715,0,0,,,,
1416294041.5798,pg_catalog,pg_auth_members,0,0,0,0,0,0,0,0,0,0,0,0,0,0,,,,
1416294041.5798,pg_catalog,pg_operator,0,0,333798,1490760,0,0,0,0,0,0,61783,1006145,46922,698275,,,,
1416294041.5798,pg_catalog,pg_aggregate,0,0,22577,22577,0,0,0,0,0,0,4759,17818,9602,30504,,,,
1416294041.5798,pg_catalog,pg_pltemplate,0,0,0,0,0,0,0,0,0,0,0,0,0,0,,,,
1416294041.5798,pg_toast,pg_toast_12188,0,0,0,0,0,0,0,0,0,0,0,0,0,0,,,,
1416294041.5798,pg_catalog,pg_description,0,0,5593,0,0,0,0,0,0,0,0,0,1969,10443,0,0,0,0
1416294041.5798,pg_catalog,pg_language,0,0,0,0,0,0,0,0,0,0,0,0,0,0,,,,
1416294041.5798,pg_catalog,pg_ts_parser,0,0,0,0,0,0,0,0,0,0,0,0,0,0,,,,
1416294041.5798,pg_catalog,pg_shseclabel,0,0,0,0,0,0,0,0,0,0,0,0,0,0,,,,
1416294041.5798,pg_catalog,pg_foreign_table,0,0,0,0,0,0,0,0,0,0,0,0,0,0,,,,
1416294041.5798,information_schema,sql_packages,0,0,,,0,0,0,0,0,0,0,0,,,0,0,0,0
1416294041.5798,information_schema,sql_parts,0,0,,,0,0,0,0,0,0,0,0,,,0,0,0,0
1416294041.5798,pg_catalog,pg_attrdef,0,0,0,0,0,0,0,0,0,0,0,0,0,0,0,0,0,0
1416294041.5798,pg_catalog,pg_ts_template,0,0,0,0,0,0,0,0,0,0,0,0,0,0,,,,
1416294041.5798,pg_catalog,pg_foreign_server,0,0,0,0,0,0,0,0,0,0,0,0,0,0,,,,
1416294041.5798,pg_catalog,pg_default_acl,0,0,4944,0,0,0,0,0,0,0,0,0,564,4380,,,,
1416294041.5798,pg_toast,pg_toast_12198,0,0,0,0,0,0,0,0,0,0,0,0,0,0,,,,
1416294041.5798,pg_toast,pg_toast_12208,0,0,0,0,0,0,0,0,0,0,0,0,0,0,,,,
1416294041.5798,pg_catalog,pg_attribute,4378,29054,1268722,2540990,8984,288,8808,252,2423,8,102158,1265718,45635,2590107,,,,
1416294041.5798,public,lineitem,7,419902364,0,0,59986052,0,0,0,59986052,0,6315433,4516051,0,0,,,,
1416294041.5798,pg_catalog,pg_statistic,0,0,300720,243642,2028,5145,1981,4622,431,85,44570,214212,21408,626621,20394,94666,2227,140887
1416294041.5798,pg_toast,pg_toast_12203,0,0,0,0,0,0,0,0,0,0,0,0,0,0,,,,
1416294041.5798,pg_toast,pg_toast_2618,0,0,14734,47843,0,0,0,0,0,0,10643,15099,4086,18100,,,,
1416294041.5798,pg_toast,pg_toast_3596,0,0,0,0,0,0,0,0,0,0,0,0,0,0,,,,
1416294041.5798,public,nation,2,50,0,0,25,0,0,0,25,0,1,3,0,0,,,,
1416294041.5798,pg_catalog,pg_depend,0,0,51867,55829,9545,0,9458,0,5630,116,9455,65885,15883,132352,,,,
1416294041.5798,public,supplier,4,400000,0,0,100000,0,0,0,100000,0,2312,15648,0,0,,,,
1416294041.5798,information_schema,sql_languages,0,0,,,0,0,0,0,0,0,0,0,,,0,0,0,0
1416294041.5798,public,region,2,10,0,0,5,0,0,0,5,0,1,3,0,0,,,,
1416294041.5798,pg_catalog,pg_opclass,796,796,269455,2915447,0,0,0,0,0,0,13347,1006858,26360,322513,,,,
1416294041.5798,pg_catalog,pg_proc,0,0,544064,801297,0,0,0,0,0,0,79111,541915,72360,1134911,0,0,0,0
1416294041.5798,information_schema,sql_implementation_info,0,0,,,0,0,0,0,0,0,0,0,,,0,0,0,0
1416294041.5798,pg_catalog,pg_trigger,0,0,0,0,0,0,0,0,0,0,0,0,0,0,0,0,0,0
1416294041.5798,pg_catalog,pg_am,55848,55848,0,0,0,0,0,0,0,0,7819,48029,0,0,,,,
1416294041.5798,pg_catalog,pg_largeobject_metadata,0,0,0,0,0,0,0,0,0,0,0,0,0,0,,,,
1416294041.5798,pg_catalog,pg_ts_config_map,0,0,0,0,0,0,0,0,0,0,0,0,0,0,,,,
1416294041.5798,pg_catalog,pg_type,0,0,1099170,1090169,2442,0,2423,0,349,0,24967,1076063,31541,2219442,,,,
1416294041.5798,pg_catalog,pg_shdepend,0,0,6871,1277,0,0,0,0,0,0,595,682,2533,6802,,,,
1416294041.5798,information_schema,sql_sizing,0,0,,,0,0,0,0,0,0,0,0,,,0,0,0,0
1416294041.5798,pg_catalog,pg_conversion,0,0,0,0,0,0,0,0,0,0,0,0,0,0,,,,
1416294041.5798,pg_catalog,pg_foreign_data_wrapper,0,0,0,0,0,0,0,0,0,0,0,0,0,0,,,,
1416294041.5798,pg_catalog,pg_opfamily,0,0,0,0,0,0,0,0,0,0,0,0,0,0,,,,
1416294041.5798,pg_catalog,pg_shdescription,0,0,0,0,0,0,0,0,0,0,0,0,0,0,0,0,0,0
1416294041.5798,pg_catalog,pg_tablespace,2,4,40625,40625,0,0,0,0,0,0,6226,34401,12486,68764,,,,
1416294041.5798,pg_catalog,pg_inherits,0,0,1226,0,0,0,0,0,0,0,0,0,605,621,,,,
1416294041.5798,pg_toast,pg_toast_2606,0,0,0,0,0,0,0,0,0,0,0,0,0,0,,,,
1416294041.5798,pg_toast,pg_toast_2964,0,0,0,0,0,0,0,0,0,0,0,0,0,0,,,,
1416294041.5798,pg_catalog,pg_database,10408,40972,228820,228818,1,0,0,0,1,0,8160,231067,36883,308083,,,,
1416294041.5798,pg_toast,pg_toast_2620,0,0,0,0,0,0,0,0,0,0,0,0,0,0,,,,
1416294041.5798,pg_toast,pg_toast_12213,0,0,0,0,0,0,0,0,0,0,0,0,0,0,,,,
1416294041.5798,pg_catalog,pg_amproc,796,1592,207167,307995,0,0,0,0,0,0,9924,194358,26704,442364,,,,
1416294041.5798,public,partsupp,3,24000000,0,0,8000000,0,0,0,8000000,0,340611,954509,0,0,,,,
1416294041.5798,pg_catalog,pg_collation,0,0,0,0,0,0,0,0,0,0,0,0,0,0,,,,
1416294041.5798,pg_catalog,pg_constraint,0,0,455,224,231,0,224,0,9,0,130,1291,234,2309,0,0,0,0
1416294041.5798,pg_catalog,pg_range,0,0,8666,0,0,0,0,0,0,0,0,0,7473,9859,,,,
1416294041.5798,pg_catalog,pg_user_mapping,0,0,0,0,0,0,0,0,0,0,0,0,0,0,,,,
1416294041.5798,pg_catalog,pg_largeobject,0,0,0,0,0,0,0,0,0,0,0,0,0,0,,,,
1416294041.5798,pg_catalog,pg_namespace,7731,228136,610639,559294,40,0,0,0,40,0,6817,560309,18242,651014,,,,
1416294041.5798,pg_catalog,pg_authid,3862,3862,103287,103287,0,0,0,0,0,0,7005,100144,26066,180508,,,,
1416294041.5798,public,time_statistics,0,0,,,1,0,0,0,1,0,1,0,,,,,,
1416294041.5798,pg_toast,pg_toast_12193,0,0,0,0,0,0,0,0,0,0,0,0,0,0,,,,
1416294041.5798,pg_catalog,pg_index,17435,2010523,465112,664600,1114,0,1087,0,137,39,30281,663235,28532,528161,,,,
1416294041.5798,pg_catalog,pg_ts_dict,0,0,0,0,0,0,0,0,0,0,0,0,0,0,,,,
1416294041.5798,information_schema,sql_features,0,0,,,0,0,0,0,0,0,0,0,,,0,0,0,0
1416294041.5798,pg_catalog,pg_class,43508,10760063,1854164,1782715,2350,633,2313,613,325,61,74524,2132726,61085,3746859,,,,
1416294041.5798,pg_toast,pg_toast_12183,0,0,0,0,0,0,0,0,0,0,0,0,0,0,,,,
1416294041.5798,information_schema,sql_sizing_profiles,0,0,,,0,0,0,0,0,0,0,0,,,0,0,0,0
1416294041.5798,pg_toast,pg_toast_2396,0,0,0,0,0,0,0,0,0,0,0,0,0,0,,,,
1416294041.5798,pg_catalog,pg_enum,0,0,0,0,0,0,0,0,0,0,0,0,0,0,,,,
1416294041.5798,pg_catalog,pg_db_role_setting,0,0,174381,0,0,0,0,0,0,0,0,0,8026,166355,0,0,0,0
1416294041.5798,public,customer,6,9000000,0,0,1500000,0,0,0,1500000,0,68533,294857,0,0,,,,
1416294041.5798,pg_catalog,pg_seclabel,0,0,5593,0,0,0,0,0,0,0,0,0,613,4980,0,0,0,0
1416294041.5798,pg_toast,pg_toast_2609,0,0,0,0,0,0,0,0,0,0,0,0,0,0,,,,
1416294041.5798,pg_toast,pg_toast_1255,0,0,0,0,0,0,0,0,0,0,0,0,0,0,,,,
1416294041.5798,pg_catalog,pg_rewrite,0,0,29456,27557,633,0,633,0,106,22,13039,19623,5573,44823,10643,15099,4086,18100
1416294041.5798,pg_catalog,pg_ts_config,0,0,0,0,0,0,0,0,0,0,0,0,0,0,,,,
1416294041.5798,pg_catalog,pg_extension,0,0,0,0,0,0,0,0,0,0,0,0,0,0,,,,
1416294041.5798,pg_catalog,pg_amop,0,0,426956,600534,0,0,0,0,0,0,20915,579619,35752,884952,,,,
1416294041.5798,pg_catalog,pg_cast,0,0,1401204,376176,0,0,0,0,0,0,9106,367070,11545,1439651,,,,
1416294041.5798,pg_toast,pg_toast_2619,0,0,70262,231144,3157,0,2948,0,227,8,20394,94666,2227,140887,,,,
1416294041.5798,pg_toast,pg_toast_2604,0,0,0,0,0,0,0,0,0,0,0,0,0,0,,,,
1416294041.5798,public,orders,4,60000000,0,0,15000000,0,0,0,15000000,0,504554,1558780,0,0,,,,
1416294101.58218,public,part,6,12000000,0,0,2000000,0,0,0,2000000,0,79007,327715,0,0,,,,
1416294101.58218,pg_catalog,pg_auth_members,0,0,0,0,0,0,0,0,0,0,0,0,0,0,,,,
1416294101.58218,pg_catalog,pg_operator,0,0,333833,1490795,0,0,0,0,0,0,61783,1006180,46922,698362,,,,
1416294101.58218,pg_catalog,pg_aggregate,0,0,22579,22579,0,0,0,0,0,0,4759,17820,9602,30508,,,,
1416294101.58218,pg_catalog,pg_pltemplate,0,0,0,0,0,0,0,0,0,0,0,0,0,0,,,,
1416294101.58218,pg_toast,pg_toast_12188,0,0,0,0,0,0,0,0,0,0,0,0,0,0,,,,
1416294101.58218,pg_catalog,pg_description,0,0,5593,0,0,0,0,0,0,0,0,0,1969,10443,0,0,0,0
1416294101.58218,pg_catalog,pg_language,0,0,0,0,0,0,0,0,0,0,0,0,0,0,,,,
1416294101.58218,pg_catalog,pg_ts_parser,0,0,0,0,0,0,0,0,0,0,0,0,0,0,,,,
1416294101.58218,pg_catalog,pg_shseclabel,0,0,0,0,0,0,0,0,0,0,0,0,0,0,,,,
1416294101.58218,pg_catalog,pg_foreign_table,0,0,0,0,0,0,0,0,0,0,0,0,0,0,,,,
1416294101.58218,information_schema,sql_packages,0,0,,,0,0,0,0,0,0,0,0,,,0,0,0,0
1416294101.58218,information_schema,sql_parts,0,0,,,0,0,0,0,0,0,0,0,,,0,0,0,0
1416294101.58218,pg_catalog,pg_attrdef,0,0,0,0,0,0,0,0,0,0,0,0,0,0,0,0,0,0
1416294101.58218,pg_catalog,pg_ts_template,0,0,0,0,0,0,0,0,0,0,0,0,0,0,,,,
1416294101.58218,pg_catalog,pg_foreign_server,0,0,0,0,0,0,0,0,0,0,0,0,0,0,,,,
1416294101.58218,pg_catalog,pg_default_acl,0,0,4944,0,0,0,0,0,0,0,0,0,564,4380,,,,
1416294101.58218,pg_toast,pg_toast_12198,0,0,0,0,0,0,0,0,0,0,0,0,0,0,,,,
1416294101.58218,pg_toast,pg_toast_12208,0,0,0,0,0,0,0,0,0,0,0,0,0,0,,,,
1416294101.58218,pg_catalog,pg_attribute,4378,29054,1269096,2541609,8984,288,8808,252,2423,8,102158,1266094,45635,2590866,,,,
1416294101.58218,public,lineitem,7,419902364,0,0,59986052,0,0,0,59986052,0,6315433,4516051,0,0,,,,
1416294101.58218,pg_catalog,pg_statistic,0,0,300768,243680,2028,5145,1981,4622,431,85,44570,214250,21408,626727,20394,94673,2227,140908
1416294101.58218,pg_toast,pg_toast_12203,0,0,0,0,0,0,0,0,0,0,0,0,0,0,,,,
1416294101.58218,pg_toast,pg_toast_2618,0,0,14742,47869,0,0,0,0,0,0,10643,15113,4086,18112,,,,
1416294101.58218,pg_toast,pg_toast_3596,0,0,0,0,0,0,0,0,0,0,0,0,0,0,,,,
1416294101.58218,public,nation,2,50,0,0,25,0,0,0,25,0,1,3,0,0,,,,
1416294101.58218,pg_catalog,pg_depend,0,0,51867,55829,9545,0,9458,0,5630,116,9455,65885,15883,132352,,,,
1416294101.58218,public,supplier,4,400000,0,0,100000,0,0,0,100000,0,2312,15648,0,0,,,,
1416294101.58218,information_schema,sql_languages,0,0,,,0,0,0,0,0,0,0,0,,,0,0,0,0
1416294101.58218,public,region,2,10,0,0,5,0,0,0,5,0,1,3,0,0,,,,
1416294101.58218,pg_catalog,pg_opclass,796,796,269493,2915873,0,0,0,0,0,0,13347,1006997,26360,322569,,,,
1416294101.58218,pg_catalog,pg_proc,0,0,544216,801519,0,0,0,0,0,0,79111,542097,72360,1135245,0,0,0,0
1416294101.58218,information_schema,sql_implementation_info,0,0,,,0,0,0,0,0,0,0,0,,,0,0,0,0
1416294101.58218,pg_catalog,pg_trigger,0,0,0,0,0,0,0,0,0,0,0,0,0,0,0,0,0,0
1416294101.58218,pg_catalog,pg_am,55859,55859,0,0,0,0,0,0,0,0,7819,48040,0,0,,,,
1416294101.58218,pg_catalog,pg_largeobject_metadata,0,0,0,0,0,0,0,0,0,0,0,0,0,0,,,,
1416294101.58218,pg_catalog,pg_ts_config_map,0,0,0,0,0,0,0,0,0,0,0,0,0,0,,,,
1416294101.58218,pg_catalog,pg_type,0,0,1099355,1090354,2442,0,2423,0,349,0,24967,1076248,31541,2219822,,,,
1416294101.58218,pg_catalog,pg_shdepend,0,0,6871,1277,0,0,0,0,0,0,595,682,2533,6802,,,,
1416294101.58218,information_schema,sql_sizing,0,0,,,0,0,0,0,0,0,0,0,,,0,0,0,0
1416294101.58218,pg_catalog,pg_conversion,0,0,0,0,0,0,0,0,0,0,0,0,0,0,,,,
1416294101.58218,pg_catalog,pg_foreign_data_wrapper,0,0,0,0,0,0,0,0,0,0,0,0,0,0,,,,
1416294101.58218,pg_catalog,pg_opfamily,0,0,0,0,0,0,0,0,0,0,0,0,0,0,,,,
1416294101.58218,pg_catalog,pg_shdescription,0,0,0,0,0,0,0,0,0,0,0,0,0,0,0,0,0,0
1416294101.58218,pg_catalog,pg_tablespace,2,4,40635,40635,0,0,0,0,0,0,6226,34411,12486,68784,,,,
1416294101.58218,pg_catalog,pg_inherits,0,0,1226,0,0,0,0,0,0,0,0,0,605,621,,,,
1416294101.58218,pg_toast,pg_toast_2606,0,0,0,0,0,0,0,0,0,0,0,0,0,0,,,,
1416294101.58218,pg_toast,pg_toast_2964,0,0,0,0,0,0,0,0,0,0,0,0,0,0,,,,
1416294101.58218,pg_catalog,pg_database,10412,40988,228863,228861,1,0,0,0,1,0,8160,231114,36883,308150,,,,
1416294101.58218,pg_toast,pg_toast_2620,0,0,0,0,0,0,0,0,0,0,0,0,0,0,,,,
1416294101.58218,pg_toast,pg_toast_12213,0,0,0,0,0,0,0,0,0,0,0,0,0,0,,,,
1416294101.58218,pg_catalog,pg_amproc,796,1592,207201,308047,0,0,0,0,0,0,9924,194392,26704,442443,,,,
1416294101.58218,public,partsupp,3,24000000,0,0,8000000,0,0,0,8000000,0,340611,954509,0,0,,,,
1416294101.58218,pg_catalog,pg_collation,0,0,0,0,0,0,0,0,0,0,0,0,0,0,,,,
1416294101.58218,pg_catalog,pg_constraint,0,0,455,224,231,0,224,0,9,0,130,1291,234,2309,0,0,0,0
1416294101.58218,pg_catalog,pg_range,0,0,8666,0,0,0,0,0,0,0,0,0,7473,9859,,,,
1416294101.58218,pg_catalog,pg_user_mapping,0,0,0,0,0,0,0,0,0,0,0,0,0,0,,,,
1416294101.58218,pg_catalog,pg_largeobject,0,0,0,0,0,0,0,0,0,0,0,0,0,0,,,,
1416294101.58218,pg_catalog,pg_namespace,7735,228320,610944,559589,40,0,0,0,40,0,6817,560608,18242,651332,,,,
1416294101.58218,pg_catalog,pg_authid,3863,3863,103307,103307,0,0,0,0,0,0,7005,100165,26066,180548,,,,
1416294101.58218,public,time_statistics,0,0,,,1,0,0,0,1,0,1,0,,,,,,
1416294101.58218,pg_toast,pg_toast_12193,0,0,0,0,0,0,0,0,0,0,0,0,0,0,,,,
1416294101.58218,pg_catalog,pg_index,17443,2011619,465179,664686,1114,0,1087,0,137,39,30281,663342,28532,528249,,,,
1416294101.58218,pg_catalog,pg_ts_dict,0,0,0,0,0,0,0,0,0,0,0,0,0,0,,,,
1416294101.58218,information_schema,sql_features,0,0,,,0,0,0,0,0,0,0,0,,,0,0,0,0
1416294101.58218,pg_catalog,pg_class,43527,10765671,1854831,1783382,2350,633,2313,613,325,61,74524,2133585,61085,3748216,,,,
1416294101.58218,pg_toast,pg_toast_12183,0,0,0,0,0,0,0,0,0,0,0,0,0,0,,,,
1416294101.58218,information_schema,sql_sizing_profiles,0,0,,,0,0,0,0,0,0,0,0,,,0,0,0,0
1416294101.58218,pg_toast,pg_toast_2396,0,0,0,0,0,0,0,0,0,0,0,0,0,0,,,,
1416294101.58218,pg_catalog,pg_enum,0,0,0,0,0,0,0,0,0,0,0,0,0,0,,,,
1416294101.58218,pg_catalog,pg_db_role_setting,0,0,174417,0,0,0,0,0,0,0,0,0,8026,166391,0,0,0,0
1416294101.58218,public,customer,6,9000000,0,0,1500000,0,0,0,1500000,0,68533,294857,0,0,,,,
1416294101.58218,pg_catalog,pg_seclabel,0,0,5593,0,0,0,0,0,0,0,0,0,613,4980,0,0,0,0
1416294101.58218,pg_toast,pg_toast_2609,0,0,0,0,0,0,0,0,0,0,0,0,0,0,,,,
1416294101.58218,pg_toast,pg_toast_1255,0,0,0,0,0,0,0,0,0,0,0,0,0,0,,,,
1416294101.58218,pg_catalog,pg_rewrite,0,0,29470,27571,633,0,633,0,106,22,13039,19637,5573,44847,10643,15113,4086,18112
1416294101.58218,pg_catalog,pg_ts_config,0,0,0,0,0,0,0,0,0,0,0,0,0,0,,,,
1416294101.58218,pg_catalog,pg_extension,0,0,0,0,0,0,0,0,0,0,0,0,0,0,,,,
1416294101.58218,pg_catalog,pg_amop,0,0,427026,600620,0,0,0,0,0,0,20915,579705,35752,885108,,,,
1416294101.58218,pg_catalog,pg_cast,0,0,1401361,376233,0,0,0,0,0,0,9106,367127,11545,1439818,,,,
1416294101.58218,pg_toast,pg_toast_2619,0,0,70269,231158,3157,0,2948,0,227,8,20394,94673,2227,140908,,,,
1416294101.58218,pg_toast,pg_toast_2604,0,0,0,0,0,0,0,0,0,0,0,0,0,0,,,,
1416294101.58218,public,orders,4,60000000,0,0,15000000,0,0,0,15000000,0,504554,1558780,0,0,,,,
